time,temperature_2m (째C),relative_humidity_2m (%),dew_point_2m (째C),precipitation (mm),rain (mm),snowfall (cm),snow_depth (m),weather_code (wmo code),pressure_msl (hPa),surface_pressure (hPa),cloud_cover (%),cloud_cover_low (%),cloud_cover_mid (%),cloud_cover_high (%),wind_speed_10m (km/h),wind_speed_100m (km/h),wind_direction_10m (째),wind_direction_100m (째),wind_gusts_10m (km/h)
2022-01-01T00:00,7.5,100,7.5,0,0,0,0,3,1013.5,1007.2,100,100,96,94,4.2,8.3,149,185,6.8
2022-01-01T01:00,7.7,100,7.6,0,0,0,0,3,1013.4,1007.1,100,100,51,100,5.1,11.4,172,193,7.6
2022-01-01T02:00,7.8,100,7.7,0,0,0,0,3,1013.4,1007.1,100,100,98,100,4.2,8.4,149,190,9.4
2022-01-01T03:00,7.5,100,7.4,0,0,0,0,3,1012.5,1006.2,100,100,100,100,6.4,9.4,133,157,10.4
2022-01-01T04:00,7.4,100,7.4,0.1,0.1,0,0,51,1012.4,1006.1,100,100,100,100,4.7,8.7,99,142,12.6
2022-01-01T05:00,7.6,100,7.6,0.1,0.1,0,0,51,1011.2,1004.9,100,100,100,100,9.1,16.7,146,161,13.7
2022-01-01T06:00,8.2,100,8.1,1.1,1.1,0,0,55,1010.4,1004.2,100,100,100,100,7.4,16.5,151,170,13.3
2022-01-01T07:00,8.4,100,8.3,1.1,1.1,0,0,55,1010.2,1004,100,100,100,100,5.2,14.4,155,179,15.1
2022-01-01T08:00,8,100,7.9,0.5,0.5,0,0,53,1010.3,1004.1,100,100,100,100,2.8,2.2,40,189,9
2022-01-01T09:00,9.1,100,9.1,0.7,0.7,0,0,53,1010.1,1003.9,100,84,100,100,6.9,11.3,133,158,10.4
2022-01-01T10:00,9.6,100,9.6,0.7,0.7,0,0,53,1010.4,1004.2,100,100,100,100,8,14.2,188,196,11.9
2022-01-01T11:00,9.9,100,9.9,0.8,0.8,0,0,53,1010.8,1004.6,100,40,100,100,10.4,19.1,214,223,15.8
2022-01-01T12:00,11,98,10.7,0.5,0.5,0,0,53,1009.6,1003.4,98,9,100,100,11,20.7,218,230,17.3
2022-01-01T13:00,11.2,98,10.9,0.6,0.6,0,0,53,1008.5,1002.3,100,17,100,100,12.5,22.5,219,231,19.1
2022-01-01T14:00,11.4,98,11.2,0.8,0.8,0,0,53,1007.5,1001.4,100,12,100,100,9.5,19.3,233,243,19.1
2022-01-01T15:00,11.6,98,11.3,0.4,0.4,0,0,51,1007.3,1001.2,100,11,100,100,9.2,17.5,219,233,14.4
2022-01-01T16:00,11.4,99,11.2,0.1,0.1,0,0,51,1006.5,1000.4,90,0,100,100,7.7,16.9,221,236,14.8
2022-01-01T17:00,10.9,100,10.9,0.3,0.3,0,0,51,1006.3,1000.2,91,1,100,100,5.9,9.7,232,248,11.5
2022-01-01T18:00,10.3,100,10.3,1.4,1.4,0,0,61,1005.9,999.7,100,100,100,100,2.9,3.1,120,201,6.5
2022-01-01T19:00,10.1,100,10.1,0.8,0.8,0,0,53,1005.8,999.6,100,100,100,100,3.3,4.7,13,4,4.7
2022-01-01T20:00,9.3,100,9.3,1.7,1.7,0,0,61,1006.2,1000,100,100,100,100,4.6,4.6,108,45,11.2
2022-01-01T21:00,10.6,100,10.5,1.2,1.2,0,0,55,1005.2,999,100,100,100,100,6.1,10.9,93,84,9
2022-01-01T22:00,10.6,100,10.6,1.2,1.2,0,0,55,1004.3,998.2,100,100,100,100,7.2,14.8,63,77,18
2022-01-01T23:00,10.7,99,10.6,3.3,3.3,0,0,63,1002.8,996.7,100,100,100,100,12.9,23.9,60,69,25.9
2022-01-02T00:00,10.5,98,10.1,9.1,9.1,0,0,65,1002.8,996.7,100,100,100,100,19.2,31.7,355,8,31
2022-01-02T01:00,10.5,97,10.1,7.8,7.8,0,0,65,999.4,993.3,77,0,79,100,20.6,38.2,86,91,49
2022-01-02T02:00,10.1,96,9.5,0.1,0.1,0,0,51,999.6,993.5,100,22,94,98,11.5,16.6,340,13,31.3
2022-01-02T03:00,9.5,99,9.3,0.1,0.1,0,0,51,1000.5,994.4,100,69,100,100,11.8,22.9,340,352,25.9
2022-01-02T04:00,9.5,98,9.3,0.5,0.5,0,0,53,1001,994.9,96,7,100,100,11.8,21.7,348,355,18.4
2022-01-02T05:00,9.6,98,9.2,0.1,0.1,0,0,51,1001.5,995.4,90,0,100,100,8,18.6,333,342,18.4
2022-01-02T06:00,9.2,98,8.9,0.2,0.2,0,0,51,1001.7,995.5,98,9,100,100,5,12.1,300,323,12.2
2022-01-02T07:00,8.6,99,8.5,0,0,0,0,3,1000.9,994.7,92,2,100,100,4.6,9.1,309,326,7.2
2022-01-02T08:00,8.9,100,8.9,0,0,0,0,3,1001.4,995.2,100,100,97,100,4.2,4.6,290,342,7.2
2022-01-02T09:00,10.2,99,10.1,0,0,0,0,3,1001.6,995.5,100,100,100,100,2.8,2.5,230,225,5.4
2022-01-02T10:00,10.6,98,10.4,0,0,0,0,3,1002.1,996,100,100,8,100,5.8,8.9,210,220,9.7
2022-01-02T11:00,11.6,95,10.9,0,0,0,0,3,1003,996.9,100,100,100,100,11.8,15.5,232,239,20.2
2022-01-02T12:00,12.1,94,11.2,0,0,0,0,3,1003.1,997,100,93,36,100,15,21.3,235,240,23.8
2022-01-02T13:00,13,91,11.6,0,0,0,0,3,1002.6,996.5,100,100,4,100,16.6,22.9,246,248,27
2022-01-02T14:00,13.6,87,11.5,0,0,0,0,3,1002.9,996.8,100,100,69,99,19.9,28.6,274,275,32.4
2022-01-02T15:00,12.7,87,10.6,0,0,0,0,3,1003.5,997.4,100,100,0,100,14.7,21.2,306,305,32
2022-01-02T16:00,12.1,84,9.5,0,0,0,0,3,1004.8,998.7,100,100,0,100,15.3,22.7,321,318,24.1
2022-01-02T17:00,11,79,7.5,0,0,0,0,3,1006.2,1000.1,100,57,68,100,18.6,28.5,317,315,29.2
2022-01-02T18:00,8.9,75,4.7,0,0,0,0,2,1008.5,1002.3,64,21,25,100,21.1,33.6,316,315,33.5
2022-01-02T19:00,7.5,67,1.8,0,0,0,0,3,1010.1,1003.9,95,6,99,100,22.4,33.9,312,314,36
2022-01-02T20:00,6.2,81,3.2,0,0,0,0,3,1011.4,1005.1,89,4,92,100,24.8,39.3,324,325,40.7
2022-01-02T21:00,4.9,71,0,0,0,0,0,2,1013.1,1006.8,72,3,66,100,26.6,39.2,327,328,44.3
2022-01-02T22:00,3.5,63,-2.9,0,0,0,0,3,1013.9,1007.5,92,2,100,100,22.9,34.3,330,332,42.8
2022-01-02T23:00,2.7,59,-4.6,0,0,0,0,2,1014.7,1008.3,59,0,48,100,19.8,29.3,331,334,37.1
2022-01-03T00:00,2,58,-5.3,0,0,0,0,1,1015.7,1009.3,36,0,10,100,18.2,27,330,333,33.8
2022-01-03T01:00,1.6,58,-5.8,0,0,0,0,2,1016.9,1010.5,68,0,64,100,16.9,24.5,333,336,29.2
2022-01-03T02:00,1.3,58,-6.2,0,0,0,0,2,1017.2,1010.8,64,0,56,100,17.5,24.8,341,343,29.9
2022-01-03T03:00,0.9,57,-6.6,0,0,0,0,3,1018.6,1012.1,90,0,100,100,16.1,22.6,340,343,28.8
2022-01-03T04:00,0.6,57,-7.1,0,0,0,0,3,1019,1012.5,90,0,100,100,16.7,23.2,346,348,28.1
2022-01-03T05:00,0.3,57,-7.2,0,0,0,0,3,1019.4,1012.9,90,0,100,100,15.9,21.6,3,4,28.4
2022-01-03T06:00,-0.1,55,-8.1,0,0,0,0,3,1018.9,1012.4,90,0,100,100,16.6,22.7,27,27,29.9
2022-01-03T07:00,-0.7,50,-9.8,0,0,0,0,3,1019.8,1013.3,90,0,100,100,19.7,27.2,18,18,33.5
2022-01-03T08:00,0.4,57,-7.1,0,0,0,0,3,1019.1,1012.6,90,0,100,100,19.9,27.5,4,5,40.3
2022-01-03T09:00,-0.3,49,-9.8,0,0,0,0,3,1019.6,1013.1,90,0,100,100,21.7,29.9,15,15,35.6
2022-01-03T10:00,-0.9,45,-11.3,0,0,0,0,3,1021.2,1014.7,90,0,100,100,21.5,29.8,9,8,39.2
2022-01-03T11:00,-1.6,44,-12.1,0.1,0,0.07,0,71,1020.9,1014.4,90,0,100,100,23.6,33,7,8,44.6
2022-01-03T12:00,-2.1,47,-11.9,0.3,0,0.21,0.01,73,1020.6,1014.1,90,0,100,100,22.7,31.3,18,17,39.2
2022-01-03T13:00,-2.5,49,-11.7,0.5,0,0.35,0.02,73,1019,1012.5,90,0,100,100,23.7,32.3,13,14,41
2022-01-03T14:00,-2.8,51,-11.5,0.3,0,0.21,0.02,73,1017.2,1010.7,90,0,100,100,27.7,37.9,9,9,46.1
2022-01-03T15:00,-2.7,52,-11.1,0.3,0,0.21,0.03,73,1016.5,1010,90,0,100,100,27,37.1,3,3,46.8
2022-01-03T16:00,-2.5,51,-11.1,0.2,0,0.14,0.03,71,1018.3,1011.8,88,0,98,98,23.8,33.2,2,2,47.5
2022-01-03T17:00,-2.6,49,-11.9,0.2,0,0.14,0.03,71,1016.7,1010.2,88,0,99,95,30.9,43.8,353,354,55.8
2022-01-03T18:00,-2.8,44,-13.3,0,0,0,0.03,3,1018.9,1012.4,88,0,98,99,24.6,35,354,356,50.8
2022-01-03T19:00,-3,40,-14.7,0,0,0,0.03,3,1019.3,1012.8,89,0,99,100,27,39.2,358,359,44.6
2022-01-03T20:00,-2.7,42,-13.7,0,0,0,0.03,1,1021.3,1014.7,43,0,22,100,25.4,36.2,353,354,44.6
2022-01-03T21:00,-3,44,-13.6,0,0,0,0.03,0,1022.2,1015.6,0,0,0,0,21.3,31,356,356,41.8
2022-01-03T22:00,-3.7,49,-12.9,0,0,0,0.03,0,1023,1016.4,0,0,0,0,16.9,27.7,349,351,34.9
2022-01-03T23:00,-4.3,51,-12.8,0,0,0,0.03,0,1023.6,1017,0,0,0,0,16.9,26.9,340,342,28.8
2022-01-04T00:00,-4.8,49,-14,0,0,0,0.03,0,1024.1,1017.5,0,0,0,0,18.5,28.9,339,341,31
2022-01-04T01:00,-5.4,44,-15.8,0,0,0,0.03,0,1024.9,1018.3,0,0,0,0,21.4,32.4,333,334,36
2022-01-04T02:00,-5.9,44,-16.1,0,0,0,0.03,0,1025.4,1018.7,0,0,0,0,19.5,29.6,332,334,36
2022-01-04T03:00,-6.1,45,-16.1,0,0,0,0.03,0,1026.1,1019.4,0,0,0,0,16.4,25.4,331,333,33.1
2022-01-04T04:00,-6.3,46,-16,0,0,0,0.03,0,1026.9,1020.2,0,0,0,0,16.7,25.2,327,329,28.4
2022-01-04T05:00,-6.5,47,-15.9,0,0,0,0.03,0,1027.4,1020.7,0,0,0,0,14.8,22.7,326,327,28.8
2022-01-04T06:00,-6.6,48,-15.8,0,0,0,0.03,0,1028.3,1021.6,0,0,0,0,13.9,21.2,323,325,25.6
2022-01-04T07:00,-6.6,50,-15.3,0,0,0,0.03,0,1028.9,1022.2,0,0,0,0,12.7,19.8,325,327,24.5
2022-01-04T08:00,-6.1,50,-15,0,0,0,0.03,0,1030.2,1023.5,0,0,0,0,14.8,20.1,331,331,22.3
2022-01-04T09:00,-6.1,51,-14.5,0,0,0,0.03,0,1030.7,1024,0,0,0,0,10.4,14.2,340,339,24.8
2022-01-04T10:00,-5,47,-14.6,0,0,0,0.03,0,1031.1,1024.4,0,0,0,0,7.2,9.4,342,342,18.4
2022-01-04T11:00,-3.8,43,-14.5,0,0,0,0.03,0,1031.4,1024.8,0,0,0,0,4.7,5.7,302,305,16.2
2022-01-04T12:00,-2.3,39,-14.5,0,0,0,0.03,0,1030.9,1024.3,0,0,0,0,5.8,7.3,274,279,17.3
2022-01-04T13:00,-0.9,36,-14.2,0,0,0,0.03,0,1029.4,1022.8,0,0,0,0,5.6,7,243,249,17.3
2022-01-04T14:00,-0.1,42,-11.4,0,0,0,0.03,0,1028.4,1021.9,13,0,0,42,5.4,6.4,217,223,17.3
2022-01-04T15:00,0.5,45,-10,0,0,0,0.03,1,1028.3,1021.8,25,0,0,84,12.4,15.1,202,205,23.8
2022-01-04T16:00,0.6,47,-9.3,0,0,0,0.03,1,1028,1021.5,28,0,0,94,13,16.8,204,208,25.2
2022-01-04T17:00,0.3,52,-8.4,0,0,0,0.03,0,1027.9,1021.4,8,0,0,28,9.7,16.6,202,207,23.4
2022-01-04T18:00,-1,63,-7.2,0,0,0,0.03,0,1028,1021.4,6,0,0,21,9.4,21.4,203,209,16.2
2022-01-04T19:00,-0.7,65,-6.5,0,0,0,0.03,0,1027.8,1021.3,3,0,0,11,12.4,25.9,210,212,20.5
2022-01-04T20:00,-0.6,70,-5.4,0,0,0,0.03,1,1028.3,1021.8,24,0,0,80,9.4,20.7,220,221,20.9
2022-01-04T21:00,-1.1,72,-5.5,0,0,0,0.03,1,1028.2,1021.6,30,0,0,100,10.4,22.5,214,215,17.3
2022-01-04T22:00,-1.4,74,-5.4,0,0,0,0.03,1,1027.5,1020.9,30,0,0,100,10.1,21.9,207,210,17.6
2022-01-04T23:00,-1.8,78,-5.2,0,0,0,0.03,0,1027.3,1020.7,17,0,0,58,10,20.9,206,207,17.3
2022-01-05T00:00,-2,81,-4.9,0,0,0,0.03,0,1026.7,1020.1,13,0,0,43,11.3,22.3,197,198,18.4
2022-01-05T01:00,-2.1,82,-4.8,0,0,0,0.03,0,1025.9,1019.3,0,0,0,0,13.9,25.6,197,197,22.3
2022-01-05T02:00,-2,73,-6.2,0,0,0,0.03,1,1025,1018.4,30,0,0,99,17.8,31.2,198,197,29.5
2022-01-05T03:00,-1.9,75,-5.7,0,0,0,0.03,1,1024.3,1017.7,31,1,0,100,13,26.6,208,203,29.5
2022-01-05T04:00,-1.8,82,-4.5,0,0,0,0.03,1,1023.2,1016.7,31,0,1,100,11.7,25.2,214,211,21.6
2022-01-05T05:00,-1.6,87,-3.5,0,0,0,0.03,1,1021.5,1015,42,3,15,100,9.2,22.1,222,214,19.1
2022-01-05T06:00,-1.3,90,-2.8,0,0,0,0.03,2,1020.2,1013.7,52,18,10,100,8,20.9,243,222,15.1
2022-01-05T07:00,-1,92,-2.2,0,0,0,0.03,3,1019,1012.5,100,100,58,100,8,20.6,243,227,14
2022-01-05T08:00,0.2,85,-1.9,0,0,0,0.03,3,1018.6,1012.1,100,100,100,100,12.7,25,241,234,15.8
2022-01-05T09:00,1,87,-0.9,0,0,0,0.03,3,1017.2,1010.8,96,19,82,100,9,20.9,217,221,18
2022-01-05T10:00,2,86,-0.1,0.1,0.1,0,0.03,51,1016.6,1010.2,100,99,92,100,13.5,24.7,222,222,19.8
2022-01-05T11:00,2.4,82,-0.3,0.1,0.1,0,0.03,51,1016.1,1009.7,100,64,90,100,13.2,26.7,235,233,20.5
2022-01-05T12:00,3.3,81,0.3,0.1,0.1,0,0.03,51,1014.5,1008.1,100,100,58,100,10.8,27.5,206,222,20.9
2022-01-05T13:00,4.1,85,1.7,0,0,0,0.03,3,1012.3,1006,100,32,97,100,19.5,34.5,196,207,28.8
2022-01-05T14:00,5.3,87,3.3,0,0,0,0.03,2,1010.6,1004.3,58,8,34,100,20.5,36,195,203,33.8
2022-01-05T15:00,6.5,88,4.6,0,0,0,0.03,1,1009.4,1003.1,46,14,5,100,17.6,35,203,210,32.8
2022-01-05T16:00,7,85,4.6,0,0,0,0.02,2,1008.9,1002.6,66,5,52,100,23,36.9,215,218,36.7
2022-01-05T17:00,6.5,84,4,0,0,0,0.02,3,1008.6,1002.3,83,0,88,100,21.4,36.5,221,221,36.4
2022-01-05T18:00,5.4,86,3.2,0,0,0,0.02,3,1008.1,1001.8,88,0,97,100,17.7,33,218,220,33.8
2022-01-05T19:00,4.7,87,2.8,0,0,0,0.02,1,1007.7,1001.4,42,0,21,97,15,29.6,222,222,28.1
2022-01-05T20:00,4.5,93,3.5,0,0,0,0.02,0,1007.3,1001,8,0,2,22,9.3,22.7,234,229,23.4
2022-01-05T21:00,3.2,94,2.4,0,0,0,0.02,0,1007.5,1001.2,9,0,0,29,9.2,23.2,249,244,14.8
2022-01-05T22:00,2.3,94,1.5,0,0,0,0.02,1,1007.2,1000.9,29,0,2,93,8.8,23.1,251,247,14.4
2022-01-05T23:00,1.7,94,0.8,0,0,0,0.02,1,1006.5,1000.1,39,0,15,100,8.4,22.7,250,250,14.8
2022-01-06T00:00,1.5,94,0.6,0,0,0,0.02,1,1006.1,999.7,30,0,0,100,8.4,22.3,250,249,14.4
2022-01-06T01:00,1.5,93,0.4,0,0,0,0.02,1,1005.9,999.5,32,0,4,100,10.6,24.6,252,252,16.6
2022-01-06T02:00,1.4,91,0.1,0,0,0,0.02,2,1006,999.6,60,1,48,100,11.7,26.4,252,253,18.7
2022-01-06T03:00,1.3,90,-0.2,0,0,0,0.02,1,1006.7,1000.3,38,0,13,100,14.3,30.1,260,262,23
2022-01-06T04:00,1.3,87,-0.6,0,0,0,0.02,0,1007.3,1000.9,2,2,1,0,12.6,28.6,268,275,24.1
2022-01-06T05:00,1.2,86,-1,0,0,0,0.02,0,1008,1001.6,0,0,0,0,13.7,29.9,272,280,22.3
2022-01-06T06:00,1.5,79,-1.8,0,0,0,0.02,0,1009.3,1002.9,0,0,0,0,17.4,34.4,277,283,27.7
2022-01-06T07:00,1.2,71,-3.5,0,0,0,0.02,0,1010.5,1004.1,12,0,0,40,17.8,33.3,278,281,29.9
2022-01-06T08:00,2,65,-3.9,0,0,0,0.02,1,1010.8,1004.4,28,0,0,93,19.1,33.4,274,278,34.6
2022-01-06T09:00,1.4,61,-5.3,0,0,0,0.02,1,1011.2,1004.8,30,0,0,100,17.6,31.1,270,275,30.6
2022-01-06T10:00,1.8,56,-6,0,0,0,0.02,1,1012.7,1006.3,30,0,0,100,17.3,27,265,269,31.3
2022-01-06T11:00,2.7,45,-8.2,0,0,0,0.02,1,1013.4,1007,30,0,0,100,18.9,25.3,262,265,31.7
2022-01-06T12:00,3.4,40,-9,0,0,0,0.02,1,1013.7,1007.3,30,0,0,100,19.8,26.3,268,269,37.1
2022-01-06T13:00,3.8,38,-9.2,0,0,0,0.02,1,1013.1,1006.8,30,0,0,100,19.5,25.6,268,269,34.9
2022-01-06T14:00,4.1,37,-9.2,0,0,0,0.02,0,1012.8,1006.5,15,0,3,45,18.7,24.2,272,273,34.9
2022-01-06T15:00,4.1,37,-9.1,0,0,0,0.02,1,1012.9,1006.6,28,0,0,92,16.3,21,275,276,33.8
2022-01-06T16:00,3.8,39,-9,0,0,0,0.02,1,1012.7,1006.4,29,0,0,98,11.9,15.2,275,277,29.5
2022-01-06T17:00,2.9,45,-7.7,0,0,0,0.02,1,1012.9,1006.5,32,0,4,100,8.4,14.4,260,267,21.2
2022-01-06T18:00,1.3,54,-6.9,0,0,0,0.02,1,1014.1,1007.7,31,0,1,100,9.7,21.1,243,253,15.5
2022-01-06T19:00,0.5,57,-7,0,0,0,0.02,2,1014.3,1007.9,72,0,70,100,11.3,24.5,261,267,18.4
2022-01-06T20:00,0.1,63,-6.2,0,0,0,0.02,3,1015,1008.6,90,0,100,100,6.2,12.3,260,273,19.4
2022-01-06T21:00,0,59,-7,0,0,0,0.02,3,1014.5,1008.1,90,0,100,100,3.6,7.6,264,275,10.8
2022-01-06T22:00,-0.1,62,-6.4,0,0,0,0.02,3,1014,1007.6,90,0,100,100,2.2,2.3,270,288,6.1
2022-01-06T23:00,-0.1,64,-6.2,0,0,0,0.02,3,1013.9,1007.5,90,0,100,100,6.4,8.5,322,332,10.8
2022-01-07T00:00,-0.3,67,-5.7,0.1,0,0.07,0.02,71,1013.8,1007.4,90,0,100,100,9.4,15.4,337,339,15.1
2022-01-07T01:00,-0.7,69,-5.7,0.1,0,0.07,0.02,71,1012.1,1005.7,90,0,100,100,14.4,25.4,1,7,22
2022-01-07T02:00,-0.8,77,-4.4,0.2,0,0.14,0.02,71,1009.7,1003.3,90,0,100,100,16.6,30.4,24,27,27.7
2022-01-07T03:00,-0.9,78,-4.2,0.3,0,0.21,0.02,73,1009,1002.6,93,3,100,100,15.4,23,33,35,27.4
2022-01-07T04:00,-1.3,82,-3.9,1.5,0,1.05,0.03,75,1008.7,1002.3,90,0,100,100,15.8,22.5,35,40,25.9
2022-01-07T05:00,-1.8,87,-3.6,1.5,0,1.05,0.03,75,1007,1000.6,100,22,100,83,18.6,27.5,15,22,31
2022-01-07T06:00,-2,87,-3.8,1.4,0,0.98,0.04,75,1007.9,1001.4,100,100,100,0,17.3,24.1,339,346,31.3
2022-01-07T07:00,-1.9,89,-3.5,1.9,0,1.33,0.05,75,1008.3,1001.8,79,13,100,23,16.8,23.3,351,352,29.9
2022-01-07T08:00,-1.6,89,-3.1,1.1,0,0.77,0.06,73,1008.9,1002.5,100,100,100,3,20.5,30,321,322,30.2
2022-01-07T09:00,-2.2,87,-4.1,0.7,0,0.49,0.06,73,1009.1,1002.6,62,2,100,0,19.4,29.7,320,322,33.1
2022-01-07T10:00,-2.2,85,-4.4,0.2,0,0.14,0.07,71,1009.8,1003.3,61,1,100,0,18.8,29.8,315,316,31.7
2022-01-07T11:00,-1.5,83,-4,0,0,0,0.07,1,1010.2,1003.7,43,0,72,0,16.1,26.9,299,302,30.2
2022-01-07T12:00,-0.9,73,-5.1,0,0,0,0.07,0,1010.4,1004,4,4,0,0,25.5,39.2,301,302,40.7
2022-01-07T13:00,-0.5,67,-5.9,0,0,0,0.07,0,1009.9,1003.5,9,10,0,0,25.5,39.8,303,305,42.5
2022-01-07T14:00,-0.3,65,-6.2,0,0,0,0.07,0,1010.1,1003.7,7,8,0,0,24,37.9,298,299,42.8
2022-01-07T15:00,-0.4,62,-6.7,0,0,0,0.07,0,1010.7,1004.3,1,1,0,0,22.7,37.4,295,298,38.5
2022-01-07T16:00,-0.8,59,-7.8,0,0,0,0.06,0,1012.2,1005.7,5,6,0,0,23.2,38.6,296,298,39.6
2022-01-07T17:00,-1.5,60,-8.3,0,0,0,0.06,1,1013.9,1007.4,23,22,6,0,20.1,35.8,291,294,38.2
2022-01-07T18:00,-2.3,61,-8.9,0,0,0,0.06,1,1015.6,1009.1,22,24,0,0,19.4,36.1,292,295,32.8
2022-01-07T19:00,-2.8,59,-9.7,0,0,0,0.06,0,1017.5,1011,5,4,2,0,22.2,39.6,295,297,35.6
2022-01-07T20:00,-2.8,62,-9,0,0,0,0.06,0,1018.7,1012.2,3,3,0,0,24,39.1,287,290,37.8
2022-01-07T21:00,-3.9,63,-9.8,0,0,0,0.06,0,1020.1,1013.5,15,15,3,0,21.3,37.6,289,292,38.5
2022-01-07T22:00,-4.8,68,-9.9,0,0,0,0.06,1,1021,1014.4,36,39,1,0,17.5,32.2,284,288,34.9
2022-01-07T23:00,-5.7,73,-9.7,0,0,0,0.06,0,1022,1015.4,19,21,0,0,15.5,30.2,273,278,28.8
2022-01-08T00:00,-6.1,74,-10,0,0,0,0.06,1,1023.1,1016.5,27,30,0,0,16.6,31.8,275,280,27.4
2022-01-08T01:00,-5.7,69,-10.6,0,0,0,0.06,0,1024.2,1017.6,3,3,0,0,20.8,37.4,293,298,34.2
2022-01-08T02:00,-6,69,-10.8,0,0,0,0.06,0,1024.9,1018.2,14,15,0,0,20.7,36.2,293,298,37.1
2022-01-08T03:00,-6.6,70,-11.1,0,0,0,0.06,0,1026.3,1019.6,9,10,0,0,20.1,34.8,294,300,33.8
2022-01-08T04:00,-7.1,71,-11.4,0,0,0,0.06,0,1027.6,1020.9,3,3,0,0,17.9,31.8,298,303,33.5
2022-01-08T05:00,-7.6,74,-11.5,0,0,0,0.06,0,1028.6,1021.9,0,0,0,0,13.4,26.7,306,313,29.2
2022-01-08T06:00,-8.4,82,-10.9,0,0,0,0.06,0,1030.4,1023.6,0,0,0,0,9.4,21.5,293,308,20.9
2022-01-08T07:00,-8.9,84,-11.2,0,0,0,0.06,0,1031.8,1025,0,0,0,0,9,20.6,286,303,15.5
2022-01-08T08:00,-7.8,84,-10.1,0,0,0,0.06,0,1032.7,1025.9,0,0,0,0,15.3,25.7,285,301,17.3
2022-01-08T09:00,-8.1,82,-10.6,0,0,0,0.06,0,1034,1027.2,0,0,0,0,15,30.3,294,305,23.8
2022-01-08T10:00,-7.6,78,-10.8,0,0,0,0.06,0,1035.5,1028.7,0,0,0,0,15,30.4,294,304,25.2
2022-01-08T11:00,-6.6,71,-11,0,0,0,0.06,0,1036.8,1030,0,0,0,0,12.3,23,308,311,25.2
2022-01-08T12:00,-5.7,65,-11.1,0,0,0,0.06,0,1037,1030.3,0,0,0,0,8.4,15.4,320,323,20.5
2022-01-08T13:00,-4.9,62,-11.1,0,0,0,0.06,0,1036,1029.3,0,0,0,1,7.1,13.1,319,323,14.8
2022-01-08T14:00,-4.2,59,-11,0,0,0,0.06,0,1035.7,1029,0,0,0,0,7.8,13.9,304,307,14
2022-01-08T15:00,-4.1,62,-10.4,0,0,0,0.06,0,1035.6,1028.9,4,0,0,12,5.5,11.4,293,298,14
2022-01-08T16:00,-4.2,55,-11.8,0,0,0,0.06,0,1035.9,1029.2,0,0,0,0,6.3,6.9,257,264,10.1
2022-01-08T17:00,-2.6,48,-12.2,0,0,0,0.06,0,1036,1029.4,0,0,0,0,6.3,6.9,204,219,9
2022-01-08T18:00,-5.8,62,-11.9,0,0,0,0.06,0,1035.8,1029.1,0,0,0,0,9.4,10.3,180,192,12.2
2022-01-08T19:00,-5.3,73,-9.5,0,0,0,0.06,0,1036.1,1029.4,0,0,0,0,10.5,12.9,184,198,14
2022-01-08T20:00,-5.8,84,-8,0,0,0,0.06,0,1036.5,1029.8,0,0,0,0,12.7,18.5,195,201,15.1
2022-01-08T21:00,-4.8,80,-7.8,0,0,0,0.06,0,1036.6,1029.9,0,0,0,0,9.7,23.3,207,207,17.6
2022-01-08T22:00,-4.5,81,-7.3,0,0,0,0.06,0,1036.3,1029.6,4,0,1,12,11.3,26.3,211,209,18.7
2022-01-08T23:00,-4.5,81,-7.2,0,0,0,0.06,0,1035.3,1028.6,13,0,0,44,11.2,25.5,195,199,18.7
2022-01-09T00:00,-4.4,81,-7.2,0,0,0,0.06,0,1034.4,1027.7,16,0,17,18,12.1,26.1,203,200,19.8
2022-01-09T01:00,-4.8,80,-7.7,0,0,0,0.06,1,1034.7,1028,27,0,0,89,14.1,29.2,220,218,23.8
2022-01-09T02:00,-5,81,-7.8,0,0,0,0.06,0,1033.7,1027,19,0,0,64,14.1,28.5,218,217,23.4
2022-01-09T03:00,-4.7,81,-7.5,0,0,0,0.06,1,1033,1026.3,35,0,9,99,13.7,29.4,215,213,24.5
2022-01-09T04:00,-4.1,82,-6.7,0,0,0,0.06,2,1032.5,1025.8,79,0,100,63,13.1,28.1,217,216,22.7
2022-01-09T05:00,-2.6,85,-4.8,0,0,0,0.06,2,1030.4,1023.8,71,0,69,98,16.4,31.4,199,205,25.6
2022-01-09T06:00,-2.1,85,-4.2,0,0,0,0.06,2,1029.5,1022.9,61,0,51,100,18.7,33.7,210,210,33.1
2022-01-09T07:00,-1.3,86,-3.4,0,0,0,0.06,3,1028.7,1022.1,90,0,100,100,18.5,31.1,213,215,30.2
2022-01-09T08:00,-0.7,90,-2.1,0,0,0,0.06,3,1027.4,1020.9,89,0,98,100,16.5,26.4,200,204,30.6
2022-01-09T09:00,0,86,-2.1,0,0,0,0.06,3,1026.5,1020,90,0,100,100,16.6,27.4,202,203,26.6
2022-01-09T10:00,0.6,82,-2.2,0,0,0,0.06,3,1025.9,1019.4,90,0,100,100,22.5,33.8,207,208,35.3
2022-01-09T11:00,1.1,77,-2.4,0,0,0,0.06,3,1025.5,1019,90,0,100,100,21.8,35.3,214,216,35.6
2022-01-09T12:00,1.3,78,-2.1,0.2,0.2,0,0.06,51,1024.3,1017.8,89,0,100,96,22.5,36.4,212,216,38.9
2022-01-09T13:00,1.8,77,-1.7,0.2,0.2,0,0.06,51,1021.4,1015,90,0,100,100,24,38.9,199,203,40.3
2022-01-09T14:00,2.3,80,-0.9,0.2,0.2,0,0.06,51,1020,1013.6,83,0,88,100,19.9,34.9,221,224,39.6
2022-01-09T15:00,2.8,83,0.2,0.2,0.2,0,0.06,51,1018.5,1012.1,94,4,100,100,19.4,33.7,215,221,33.1
2022-01-09T16:00,3,86,0.9,0.6,0.6,0,0.06,53,1017.5,1011.1,100,29,100,100,19.1,33.9,226,229,34.2
2022-01-09T17:00,3.2,89,1.5,0.3,0.3,0,0.05,51,1016.9,1010.5,100,41,100,100,15.3,30,231,235,30.6
2022-01-09T18:00,3.2,92,2,0.3,0.3,0,0.05,51,1016.3,1009.9,100,100,100,94,12.7,27.4,235,240,24.8
2022-01-09T19:00,3.6,93,2.6,0.6,0.6,0,0.05,53,1015.8,1009.4,100,100,100,100,13.6,28.5,238,241,21.6
2022-01-09T20:00,2.7,96,2.2,0.9,0.9,0,0.05,53,1015.9,1009.5,100,58,100,100,14.6,30.1,250,251,22.3
2022-01-09T21:00,3.3,96,2.7,0.7,0.7,0,0.05,53,1015.7,1009.3,100,39,100,100,16.4,30.2,255,258,25.9
2022-01-09T22:00,3.5,95,2.8,0.7,0.7,0,0.04,53,1015.3,1008.9,100,17,100,100,17.1,32.1,263,267,27
2022-01-09T23:00,3.9,92,2.7,0.1,0.1,0,0.04,51,1014.8,1008.4,98,11,96,100,17.8,32.1,263,268,27.4
2022-01-10T00:00,4.1,89,2.4,0,0,0,0.04,3,1015,1008.6,100,21,98,100,20.3,35.5,276,280,31.3
2022-01-10T01:00,3.8,89,2.1,0,0,0,0.04,2,1015.6,1009.2,54,26,1,100,19,32.7,297,300,32
2022-01-10T02:00,3,80,-0.1,0,0,0,0.04,1,1016.3,1009.9,32,2,0,100,20.8,34.5,307,307,32.4
2022-01-10T03:00,1.7,78,-1.8,0,0,0,0.04,2,1017.2,1010.8,64,37,1,100,25,40.9,300,302,38.9
2022-01-10T04:00,-0.3,71,-4.8,0,0,0,0.04,1,1018.1,1011.6,36,7,0,100,26.3,42.1,306,308,45
2022-01-10T05:00,-1.6,68,-6.8,0,0,0,0.04,1,1018.8,1012.3,26,6,0,69,24,40.2,310,314,43.6
2022-01-10T06:00,-2.6,61,-9.1,0,0,0,0.04,0,1019.7,1013.2,6,0,0,20,24,40,310,315,39.2
2022-01-10T07:00,-3.7,61,-10.1,0,0,0,0.04,1,1020.4,1013.8,24,0,0,79,23.4,38.2,313,314,40
2022-01-10T08:00,-2.2,57,-9.6,0,0,0,0.04,0,1019.8,1013.3,15,0,0,51,19.2,31.7,322,321,37.4
2022-01-10T09:00,-2.5,56,-10,0,0,0,0.04,0,1020.6,1014.1,1,0,0,4,17.1,27.3,311,310,31.3
2022-01-10T10:00,-2.1,49,-11.5,0,0,0,0.04,0,1021.6,1015.1,0,0,0,0,20,28.2,308,309,32.4
2022-01-10T11:00,-2,40,-14,0,0,0,0.04,0,1021.9,1015.4,0,0,0,0,25.1,33.5,309,310,42.5
2022-01-10T12:00,-1.8,39,-14,0,0,0,0.04,0,1021.9,1015.4,0,0,0,0,24.5,32.4,306,307,43.2
2022-01-10T13:00,-1.5,37,-14.2,0,0,0,0.04,0,1020.8,1014.3,19,0,0,62,23,30.4,305,306,42.5
2022-01-10T14:00,-1.2,35,-14.6,0,0,0,0.04,0,1020,1013.5,0,0,0,0,19.8,26,303,304,40.7
2022-01-10T15:00,-1,35,-14.7,0,0,0,0.04,0,1019.9,1013.4,0,0,0,0,21.6,27.9,296,295,37.4
2022-01-10T16:00,-1.3,36,-14.5,0,0,0,0.04,0,1020.1,1013.6,0,0,0,0,20.7,27.5,293,292,37.8
2022-01-10T17:00,-1.9,37,-14.8,0,0,0,0.04,0,1020.2,1013.7,0,0,0,0,18.5,26.2,291,291,35.3
2022-01-10T18:00,-3.2,45,-13.4,0,0,0,0.04,0,1020.8,1014.2,0,0,0,0,12.3,23.4,263,267,29.5
2022-01-10T19:00,-4,51,-12.6,0,0,0,0.04,0,1021.4,1014.8,0,0,0,0,17.2,29.7,254,260,27.7
2022-01-10T20:00,-3.8,55,-11.6,0,0,0,0.04,0,1021.4,1014.8,8,2,11,0,16.5,27,250,257,30.2
2022-01-10T21:00,-3.9,54,-11.8,0,0,0,0.04,1,1021.5,1014.9,32,22,21,0,16.8,28.8,255,261,27.4
2022-01-10T22:00,-3.9,51,-12.6,0,0,0,0.04,0,1021.4,1014.8,17,12,10,0,18.5,31,262,266,30.6
2022-01-10T23:00,-3.8,48,-13.3,0,0,0,0.04,0,1021.7,1015.1,1,0,2,0,20.2,32.8,268,273,33.5
2022-01-11T00:00,-4.2,49,-13.4,0,0,0,0.04,0,1022,1015.4,11,10,3,0,20.5,33.4,281,284,33.5
2022-01-11T01:00,-4.5,49,-13.7,0,0,0,0.04,0,1022.7,1016.1,13,14,0,0,20.9,33.3,294,296,35.3
2022-01-11T02:00,-5.3,46,-15.2,0,0,0,0.04,0,1023.6,1017,2,0,3,0,26.7,41.3,299,300,45.4
2022-01-11T03:00,-6.3,43,-16.8,0,0,0,0.04,0,1024.8,1018.1,0,0,0,0,27.1,40.6,310,311,46.1
2022-01-11T04:00,-7,46,-16.8,0,0,0,0.04,1,1026,1019.3,40,44,0,0,28,41.3,315,316,46.8
2022-01-11T05:00,-7.8,46,-17.5,0,0,0,0.04,0,1027.2,1020.5,0,0,0,0,25.5,36.7,331,332,46.8
2022-01-11T06:00,-8.4,46,-18.1,0,0,0,0.04,1,1028.4,1021.7,24,27,0,0,22.2,32.1,335,335,42.5
2022-01-11T07:00,-8.5,46,-18,0,0,0,0.04,1,1029.7,1022.9,49,54,0,0,24.2,33.8,335,335,40.3
2022-01-11T08:00,-7.9,45,-17.9,0,0,0,0.04,2,1031.1,1024.4,58,64,0,0,26.3,35.7,320,319,42.8
2022-01-11T09:00,-8.7,43,-18.9,0,0,0,0.04,0,1032.4,1025.6,0,0,0,0,25,34.2,320,319,43.9
2022-01-11T10:00,-8.6,43,-18.9,0,0,0,0.04,0,1033.6,1026.8,9,10,0,0,24.1,32,321,321,42.1
2022-01-11T11:00,-8.2,42,-18.8,0,0,0,0.04,0,1034.4,1027.6,13,14,0,0,22.1,28.8,323,323,41.8
2022-01-11T12:00,-7.5,37,-19.9,0,0,0,0.04,0,1034.3,1027.5,2,2,0,0,22.1,28.3,326,326,41
2022-01-11T13:00,-7.3,37,-19.6,0,0,0,0.04,0,1033.7,1027,0,0,0,0,19,24.1,327,325,40
2022-01-11T14:00,-6.7,34,-19.9,0,0,0,0.04,0,1033.1,1026.4,0,0,0,0,17.7,22.6,327,326,35.6
2022-01-11T15:00,-6.3,33,-20.1,0,0,0,0.04,0,1033,1026.3,0,0,0,0,16.4,20.7,322,321,33.8
2022-01-11T16:00,-6.1,31,-20.6,0,0,0,0.03,0,1032.7,1026,0,0,0,0,14.8,19.2,321,320,31
2022-01-11T17:00,-6.3,30,-21.2,0,0,0,0.03,0,1033.5,1026.8,0,0,0,0,14.5,19.1,318,316,27.7
2022-01-11T18:00,-6.8,30,-21.3,0,0,0,0.03,0,1034.2,1027.5,0,0,0,0,9.8,16.9,324,320,25.2
2022-01-11T19:00,-7,32,-21.1,0,0,0,0.03,0,1034.3,1027.6,0,0,0,0,6.6,12.4,347,343,17.3
2022-01-11T20:00,-7.2,34,-20.3,0,0,0,0.03,0,1034.5,1027.7,0,0,0,0,4.6,7.5,309,305,11.9
2022-01-11T21:00,-8,38,-20,0,0,0,0.03,0,1034.4,1027.6,0,0,0,0,3.4,6.4,302,297,7.9
2022-01-11T22:00,-7.9,38,-19.6,0,0,0,0.03,0,1033.8,1027,4,0,0,14,3.7,7.3,259,259,7.2
2022-01-11T23:00,-7.6,39,-19,0,0,0,0.03,0,1033.3,1026.5,0,0,0,1,4.7,8.9,247,249,9
2022-01-12T00:00,-7.4,42,-18.3,0,0,0,0.03,0,1032.7,1026,20,0,31,4,6.9,11.8,208,207,11.9
2022-01-12T01:00,-7.1,44,-17.2,0,0,0,0.03,1,1032,1025.3,27,0,0,91,12.1,18.7,203,203,20.5
2022-01-12T02:00,-6.9,48,-16.2,0,0,0,0.03,1,1030.9,1024.2,26,0,0,86,13.1,20.1,201,201,22.3
2022-01-12T03:00,-6.8,51,-15.3,0,0,0,0.03,1,1030.3,1023.6,29,0,0,97,16.5,24.6,200,201,27
2022-01-12T04:00,-6.6,52,-14.8,0,0,0,0.03,1,1028.8,1022.1,30,0,1,97,18.1,27.3,201,201,31.3
2022-01-12T05:00,-6.5,55,-14.1,0,0,0,0.03,0,1028.1,1021.4,3,0,0,9,16.7,25.8,205,207,30.6
2022-01-12T06:00,-6.2,58,-13.1,0,0,0,0.03,0,1027,1020.3,0,0,0,0,17.2,27.4,206,207,28.4
2022-01-12T07:00,-5.7,63,-11.7,0,0,0,0.03,0,1026,1019.3,0,0,0,0,16.7,27.4,205,207,28.4
2022-01-12T08:00,-4.9,68,-9.9,0,0,0,0.03,0,1025.6,1019,0,0,0,0,18.7,29.5,208,208,27.4
2022-01-12T09:00,-4.3,68,-9.4,0,0,0,0.03,0,1024.9,1018.3,5,0,0,17,16.9,29.9,214,216,30.2
2022-01-12T10:00,-2.5,56,-10,0,0,0,0.03,1,1024.4,1017.8,29,0,0,96,18.1,26.3,211,213,30.6
2022-01-12T11:00,-0.7,51,-9.7,0,0,0,0.03,1,1023.3,1016.8,30,0,0,100,21.3,29.3,210,212,37.1
2022-01-12T12:00,0.8,47,-9.3,0,0,0,0.03,1,1021.9,1015.4,30,0,0,100,22,29.6,220,220,38.9
2022-01-12T13:00,2.1,44,-9,0,0,0,0.03,1,1020.4,1014,31,0,2,100,21.1,28,224,225,38.9
2022-01-12T14:00,3.1,41,-8.8,0,0,0,0.03,1,1019.6,1013.2,24,0,0,79,19.1,25.5,224,225,37.1
2022-01-12T15:00,4.4,38,-8.6,0,0,0,0.03,0,1018.7,1012.3,2,0,0,5,18.9,24.8,219,220,34.2
2022-01-12T16:00,4.6,38,-8.4,0,0,0,0.03,0,1018.3,1011.9,10,0,0,32,17.5,23.8,217,219,33.1
2022-01-12T17:00,3.5,45,-7.3,0,0,0,0.03,0,1018.1,1011.7,1,0,0,2,14.2,26,210,217,28.8
2022-01-12T18:00,1.1,58,-6.3,0,0,0,0.03,0,1018.3,1011.9,10,0,0,32,12.6,28.9,217,220,22.7
2022-01-12T19:00,0.3,62,-6.2,0,0,0,0.03,1,1018.8,1012.3,26,0,14,57,12,28.6,226,228,20.2
2022-01-12T20:00,-0.2,71,-4.8,0,0,0,0.03,1,1019.5,1013,32,0,6,96,10.5,24.7,221,223,19.1
2022-01-12T21:00,-0.8,71,-5.5,0,0,0,0.03,1,1019.7,1013.2,30,0,0,99,9.4,24.8,230,230,16.6
2022-01-12T22:00,-1.6,75,-5.5,0,0,0,0.03,1,1019.7,1013.2,29,0,0,97,8.9,23.4,243,239,15.1
2022-01-12T23:00,-2.6,79,-5.8,0,0,0,0.03,1,1019.7,1013.2,30,0,0,99,7.9,19.7,254,252,14
2022-01-13T00:00,-3.2,81,-6,0,0,0,0.03,1,1019.5,1012.9,37,0,16,91,9,17,268,264,11.9
2022-01-13T01:00,-2.3,75,-6.2,0,0,0,0.03,1,1019,1012.5,32,0,4,100,7.6,13,265,270,13
2022-01-13T02:00,-1.7,76,-5.4,0,0,0,0.03,3,1018.9,1012.4,81,0,86,98,5.8,9.7,240,270,9.7
2022-01-13T03:00,-2.8,87,-4.7,0,0,0,0.03,2,1018.6,1012.1,65,2,67,77,5.6,7,207,249,7.6
2022-01-13T04:00,-3.3,90,-4.7,0,0,0,0.03,2,1018.4,1011.8,68,0,74,78,7.1,6.9,210,231,9.4
2022-01-13T05:00,-3.2,90,-4.6,0,0,0,0.03,2,1017.8,1011.3,58,2,45,99,7.9,8.2,204,203,10.1
2022-01-13T06:00,-3.2,91,-4.5,0,0,0,0.03,1,1017.5,1011,44,1,23,98,7.9,11.6,210,196,11.5
2022-01-13T07:00,-3,91,-4.2,0,0,0,0.03,1,1017.5,1011,37,0,12,100,7.2,13.1,217,201,11.2
2022-01-13T08:00,-2,87,-3.9,0,0,0,0.03,2,1017.4,1010.9,53,0,88,0,6.5,8.7,273,228,10.8
2022-01-13T09:00,-1.5,78,-4.9,0,0,0,0.03,1,1017.8,1011.3,34,0,56,0,5.1,6.9,315,276,10.1
2022-01-13T10:00,0.5,64,-5.5,0,0,0,0.03,0,1017.7,1011.2,6,0,10,0,4.7,3.4,356,328,11.9
2022-01-13T11:00,3.1,50,-6.3,0,0,0,0.03,2,1017.7,1011.3,67,0,62,100,3.3,2.5,6,360,12.2
2022-01-13T12:00,4.5,49,-5.3,0,0,0,0.03,1,1017.2,1010.8,28,0,20,54,6.2,7.3,353,351,14.4
2022-01-13T13:00,6,49,-4.1,0,0,0,0.03,1,1015.6,1009.3,29,0,0,98,4.9,5.6,54,50,15.8
2022-01-13T14:00,6.8,49,-3.1,0,0,0,0.03,1,1014.5,1008.2,30,0,0,100,7.7,9.2,118,116,16.9
2022-01-13T15:00,6.9,51,-2.6,0,0,0,0.03,1,1013.8,1007.5,31,0,2,100,8,10.2,144,141,18
2022-01-13T16:00,6.3,56,-1.9,0,0,0,0.03,2,1013.4,1007.1,67,0,62,100,6.3,8.4,156,149,16.6
2022-01-13T17:00,4.5,73,0.1,0,0,0,0.03,3,1013.2,1006.9,89,0,98,100,4.9,11.9,163,151,11.2
2022-01-13T18:00,3.7,76,-0.1,0,0,0,0.03,2,1012.9,1006.6,78,0,80,100,7,9.4,125,133,9.7
2022-01-13T19:00,1.8,84,-0.7,0,0,0,0.03,3,1013,1006.6,88,0,96,100,7.6,9.3,82,118,9
2022-01-13T20:00,0.8,86,-1.4,0,0,0,0.03,3,1013,1006.6,90,0,100,100,6.7,7.1,16,30,10.1
2022-01-13T21:00,0.7,89,-1,0,0,0,0.03,3,1012.6,1006.2,90,0,100,100,7.6,13.1,19,32,11.5
2022-01-13T22:00,0.5,91,-0.8,0,0,0,0.03,3,1012.4,1006,90,0,100,100,7.9,17.3,24,48,12.6
2022-01-13T23:00,0.8,91,-0.6,0,0,0,0.03,3,1012,1005.6,90,0,100,100,10,20,15,39,15.5
2022-01-14T00:00,0.8,90,-0.6,0,0,0,0.03,2,1011.4,1005,67,0,61,100,11.6,22.2,7,27,18.4
2022-01-14T01:00,0.6,91,-0.7,0,0,0,0.03,3,1010.8,1004.4,87,0,95,100,11.1,22.6,13,31,18.4
2022-01-14T02:00,0.7,92,-0.4,0,0,0,0.03,1,1010.5,1004.1,36,0,10,100,13,24.5,5,26,20.2
2022-01-14T03:00,0.5,92,-0.6,0,0,0,0.03,1,1010.1,1003.7,34,4,0,100,14.8,27.7,1,16,23.4
2022-01-14T04:00,0.6,92,-0.6,0,0,0,0.03,2,1009.4,1003,65,39,0,100,17.3,31.8,5,13,27
2022-01-14T05:00,1.1,87,-0.8,0,0,0,0.03,3,1008.8,1002.4,100,100,5,100,17.7,32.8,4,9,29.2
2022-01-14T06:00,1.6,83,-1,0,0,0,0.03,3,1008.9,1002.5,100,100,22,100,18.7,33.3,1,6,29.5
2022-01-14T07:00,1.9,80,-1.2,0,0,0,0.03,3,1008.6,1002.2,100,100,8,100,19.1,33.9,1,4,30.6
2022-01-14T08:00,1.7,80,-1.3,0,0,0,0.03,1,1008.9,1002.5,41,1,17,100,18,34,1,5,32
2022-01-14T09:00,1.6,78,-1.9,0,0,0,0.03,1,1008.8,1002.4,34,0,6,100,21.3,37.3,3,6,33.1
2022-01-14T10:00,3,69,-2.2,0,0,0,0.03,1,1009,1002.7,37,0,11,100,24.8,41.8,359,2,40.3
2022-01-14T11:00,4.2,68,-1.2,0,0,0,0.03,1,1009,1002.7,38,6,6,95,27.8,40,356,357,44.6
2022-01-14T12:00,5.1,67,-0.5,0,0,0,0.03,1,1008.7,1002.4,47,18,1,100,32.9,46.1,356,357,54.7
2022-01-14T13:00,5,65,-1.1,0,0,0,0.02,2,1008.2,1001.9,58,31,1,100,36.4,50.4,358,358,61.2
2022-01-14T14:00,4.5,63,-1.8,0,0,0,0.02,2,1008,1001.7,62,36,0,100,34.6,48.3,356,357,61.2
2022-01-14T15:00,4.1,63,-2.3,0,0,0,0.02,1,1008.2,1001.9,46,18,0,100,31.5,43.7,355,355,57.6
2022-01-14T16:00,3.6,63,-2.9,0,0,0,0.02,2,1008.6,1002.3,53,26,0,100,28.8,40.8,357,356,53.3
2022-01-14T17:00,2.8,65,-3.1,0,0,0,0.02,1,1008.9,1002.6,31,1,0,100,25.2,38.2,358,357,47.9
2022-01-14T18:00,1.7,65,-4.1,0,0,0,0.02,1,1009.4,1003,38,12,0,89,22.3,37.1,2,360,40.7
2022-01-14T19:00,-0.1,66,-5.6,0,0,0,0.02,0,1010.7,1004.3,14,5,0,30,24.5,38.9,4,3,39.2
2022-01-14T20:00,-0.3,68,-5.5,0,0,0,0.02,1,1011.5,1005.1,26,24,0,16,16.6,29,342,343,42.1
2022-01-14T21:00,-1.2,67,-6.5,0,0,0,0.02,1,1012.6,1006.1,21,19,0,14,18.4,30.7,349,350,29.5
2022-01-14T22:00,-2.6,66,-8,0,0,0,0.02,1,1013.6,1007.1,35,39,0,0,22.2,34.9,352,352,35.6
2022-01-14T23:00,-4.5,62,-10.6,0,0,0,0.02,2,1014.3,1007.7,60,67,0,0,26,39,355,356,43.2
2022-01-15T00:00,-5.4,61,-11.7,0,0,0,0.02,0,1014.8,1008.2,0,0,0,0,22.1,33.2,348,347,43.2
2022-01-15T01:00,-6.3,57,-13.4,0,0,0,0.02,0,1015.4,1008.8,9,10,0,0,22.9,34,336,337,38.5
2022-01-15T02:00,-7.7,52,-15.9,0,0,0,0.02,0,1016,1009.4,0,0,0,0,22.9,33.1,336,338,38.9
2022-01-15T03:00,-8.9,46,-18.3,0,0,0,0.02,0,1017.3,1010.6,0,0,0,0,22.4,32.5,330,332,38.2
2022-01-15T04:00,-9.9,43,-20.1,0,0,0,0.02,0,1018.6,1011.9,7,0,12,0,22.3,31.9,326,328,38.5
2022-01-15T05:00,-10.4,41,-21.3,0,0,0,0.02,0,1019.8,1013.1,0,0,0,0,22.1,31.1,334,335,37.8
2022-01-15T06:00,-10.8,39,-22.1,0,0,0,0.02,0,1020.4,1013.6,1,0,0,4,20.4,28.6,339,341,37.1
2022-01-15T07:00,-11.1,37,-22.9,0,0,0,0.02,0,1021.7,1014.9,1,0,0,2,17.9,25.3,341,343,34.2
2022-01-15T08:00,-10.6,38,-22.2,0,0,0,0.02,0,1023,1016.2,3,0,0,9,16.4,21.6,334,334,31
2022-01-15T09:00,-10.9,40,-21.9,0,0,0,0.02,0,1024.2,1017.4,2,0,0,6,13.3,17.1,341,342,27.7
2022-01-15T10:00,-9.9,39,-21.2,0,0,0,0.02,0,1025.1,1018.3,8,0,0,27,13.7,17.3,357,358,26.3
2022-01-15T11:00,-9.2,36,-21.4,0,0,0,0.02,1,1026.2,1019.5,22,0,0,74,15.2,19.2,353,352,29.9
2022-01-15T12:00,-8.2,33,-21.5,0,0,0,0.02,0,1026.7,1020,20,0,0,65,13.9,17.8,339,339,30.2
2022-01-15T13:00,-7.1,31,-21.4,0,0,0,0.02,1,1026,1019.3,42,0,20,99,15.1,18.9,342,342,30.2
2022-01-15T14:00,-6,28,-21.5,0,0,0,0.02,3,1026,1019.3,86,0,94,100,15.5,19.4,342,342,31
2022-01-15T15:00,-5.5,26,-21.9,0,0,0,0.02,2,1025.9,1019.2,53,0,76,24,14.1,17.6,345,345,30.6
2022-01-15T16:00,-5.2,25,-22.3,0,0,0,0.02,3,1026.2,1019.6,82,0,87,100,12.2,15.4,346,344,27.7
2022-01-15T17:00,-5.4,23,-23.1,0,0,0,0.02,2,1026.5,1019.8,79,0,81,100,11.3,14.7,351,349,23.4
2022-01-15T18:00,-6,25,-23.1,0,0,0,0.02,3,1027.1,1020.4,80,0,99,70,8.3,15.1,360,359,20.5
2022-01-15T19:00,-6.3,28,-21.9,0,0,0,0.02,3,1027.9,1021.2,84,0,98,84,9.4,15.5,18,18,16.2
2022-01-15T20:00,-7.5,30,-22,0,0,0,0.02,1,1028.8,1022.1,38,0,32,63,9.7,13,2,2,21.6
2022-01-15T21:00,-8.2,33,-21.7,0,0,0,0.02,1,1029.3,1022.6,24,0,0,80,7.9,13.7,360,358,16.2
2022-01-15T22:00,-8.6,34,-21.6,0,0,0,0.02,0,1029.7,1022.9,9,0,0,29,11.9,18.7,2,1,19.8
2022-01-15T23:00,-9.3,33,-22.5,0,0,0,0.02,0,1029.9,1023.1,0,0,0,0,16.2,24.5,360,360,27
2022-01-16T00:00,-10.1,33,-23.2,0,0,0,0.02,0,1030.2,1023.4,0,0,0,0,16.9,25.2,358,359,28.1
2022-01-16T01:00,-10.7,34,-23.5,0,0,0,0.02,0,1029.9,1023.1,0,0,0,0,16.2,24.5,359,359,28.4
2022-01-16T02:00,-11.2,37,-23.2,0,0,0,0.02,0,1029.9,1023.1,0,0,0,0,14.9,21,7,7,27.4
2022-01-16T03:00,-11.7,40,-22.7,0,0,0,0.02,0,1030.3,1023.5,0,0,0,0,13.8,19.7,15,15,24.8
2022-01-16T04:00,-12.1,41,-22.7,0,0,0,0.02,0,1030.3,1023.5,0,0,0,0,13.3,18.5,13,13,23.4
2022-01-16T05:00,-12.2,41,-22.7,0,0,0,0.02,0,1030.2,1023.3,0,0,0,0,11.2,15.2,4,5,22.3
2022-01-16T06:00,-12.3,42,-22.7,0,0,0,0.02,0,1029.7,1022.8,0,0,0,0,12.7,17.2,8,10,21.2
2022-01-16T07:00,-12.5,43,-22.4,0,0,0,0.02,0,1029.8,1022.9,0,0,0,0,12.5,17.5,12,14,21.6
2022-01-16T08:00,-13.2,50,-21.6,0,0,0,0.02,0,1030.7,1023.8,1,0,0,2,10.2,15.3,10,24,21.6
2022-01-16T09:00,-12.9,49,-21.3,0,0,0,0.02,0,1031,1024.1,5,0,0,17,8.9,14.1,14,32,16.9
2022-01-16T10:00,-10.9,43,-21,0,0,0,0.02,1,1030.6,1023.8,21,17,0,18,9.1,12.1,18,30,20.2
2022-01-16T11:00,-8.3,41,-19.1,0,0,0,0.02,3,1030.7,1023.9,100,96,0,55,9.4,11.6,23,30,20.9
2022-01-16T12:00,-6.6,45,-16.6,0,0,0,0.02,3,1029.3,1022.6,100,100,0,98,12.9,16.1,23,27,25.9
2022-01-16T13:00,-5.1,52,-13.3,0,0,0,0.02,3,1027.5,1020.8,100,100,0,100,13.8,17,28,32,27
2022-01-16T14:00,-3.5,56,-11,0,0,0,0.02,3,1026.2,1019.6,100,100,0,100,10.5,13.2,38,43,27
2022-01-16T15:00,-2,64,-7.9,0,0,0,0.02,3,1024.8,1018.2,100,100,0,100,16.6,21.6,88,90,27
2022-01-16T16:00,0.5,61,-6.2,0,0,0,0.02,3,1023.1,1016.6,100,100,0,100,15.9,22.8,86,95,32
2022-01-16T17:00,0.1,65,-5.8,0,0,0,0.02,3,1021.8,1015.3,100,100,100,100,14.3,22.8,51,72,25.9
2022-01-16T18:00,-2,72,-6.3,0,0,0,0.02,3,1020.6,1014.1,100,100,100,100,15.9,27.3,18,50,26.3
2022-01-16T19:00,-2.1,75,-6,0,0,0,0.02,3,1019.8,1013.3,100,100,100,100,14.5,24,19,60,28.4
2022-01-16T20:00,-3.1,88,-4.8,0.3,0.1,0.14,0.02,71,1018.5,1012,100,100,100,100,19.3,33.2,21,53,23.4
2022-01-16T21:00,-1.2,89,-2.8,1.2,0,0.84,0.02,75,1016,1009.5,100,100,100,100,21.2,36.5,48,71,34.6
2022-01-16T22:00,0.8,94,-0.1,1.4,0.2,0.84,0.02,75,1014,1007.6,100,100,100,100,23.3,39.8,70,85,37.1
2022-01-16T23:00,2,94,1.1,1.7,1.6,0.07,0.02,71,1011.4,1005,100,100,100,100,30,50.5,80,87,47.5
2022-01-17T00:00,2.7,94,1.8,2.2,2.2,0,0.02,61,1007.9,1001.6,100,100,100,100,32.8,53.6,77,83,54
2022-01-17T01:00,3.7,93,2.6,2.3,2.3,0,0.02,61,1004.1,997.8,100,100,100,100,36.4,59.7,73,80,59.4
2022-01-17T02:00,4.8,93,3.7,2.7,2.7,0,0.02,63,1000.6,994.4,100,100,100,100,38.2,62.1,81,86,61.9
2022-01-17T03:00,5.1,93,4.1,5.2,5.2,0,0.02,63,997.2,991,100,100,100,100,39.3,63.6,78,82,65.5
2022-01-17T04:00,5.7,94,4.9,9,9,0,0.01,65,993.1,986.9,100,100,100,100,39.5,63.9,77,83,64.1
2022-01-17T05:00,6.7,95,5.9,9.4,9.4,0,0.01,65,987.8,981.7,100,100,100,80,34.8,57.5,77,82,65.9
2022-01-17T06:00,9.2,91,7.8,4.4,4.4,0,0.01,63,984.4,978.3,79,80,11,0,54,83,168,176,94.7
2022-01-17T07:00,5.6,89,3.8,0,0,0,0.01,2,986.2,980.1,63,0,100,10,21.9,37.6,163,170,84.2
2022-01-17T08:00,4.6,88,2.7,0,0,0,0.01,2,986.1,979.9,60,1,99,0,27.7,45,180,181,33.5
2022-01-17T09:00,3.7,89,2,0,0,0,0.01,3,985.8,979.6,100,91,100,0,18.8,32.7,192,197,42.8
2022-01-17T10:00,2.9,93,2,0.2,0.2,0,0.01,51,986.3,980.1,100,100,95,0,20.1,35.1,209,213,31.7
2022-01-17T11:00,2.7,91,1.4,0.1,0.1,0,0.01,51,985.6,979.4,17,10,13,0,20,30.6,219,223,36.4
2022-01-17T12:00,3.7,78,0.3,0,0,0,0.01,3,985.8,979.6,97,100,12,0,28.8,39.5,217,218,49
2022-01-17T13:00,2.9,76,-0.9,0.1,0.1,0,0.01,51,985.4,979.2,93,100,5,1,30.3,41.2,212,214,50.8
2022-01-17T14:00,2.8,74,-1.4,0,0,0,0.01,3,984.9,978.7,100,100,0,100,33.2,46.7,214,216,54.7
2022-01-17T15:00,2.7,71,-2.1,0,0,0,0.01,3,985.3,979.1,100,100,68,69,30.6,42.8,224,226,55.1
2022-01-17T16:00,3.1,62,-3.5,0,0,0,0.01,3,986.3,980.1,100,100,100,36,26.2,40,238,240,50.8
2022-01-17T17:00,3.1,61,-3.8,0,0,0,0.01,3,987.1,980.9,100,100,100,30,23.9,37.7,239,241,43.2
2022-01-17T18:00,2.1,66,-3.6,0,0,0,0.01,3,987.8,981.6,100,100,100,0,25.3,39.5,237,241,40.7
2022-01-17T19:00,1.6,70,-3.2,0.1,0,0.07,0.01,71,989,982.8,100,99,100,0,25.2,39.4,239,243,40.7
2022-01-17T20:00,1.4,73,-3,0.1,0,0.07,0.01,71,991.3,985,77,19,100,0,22,35.8,252,257,43.2
2022-01-17T21:00,0.9,74,-3.2,0,0,0,0.01,3,992.5,986.2,93,53,75,0,19.7,33.3,255,259,35.6
2022-01-17T22:00,0.2,79,-3,0,0,0,0.01,3,993.4,987.1,91,72,44,0,20.8,35.5,252,257,33.1
2022-01-17T23:00,0.6,66,-5.1,0,0,0,0.01,3,994.8,988.5,95,46,89,0,28.3,44.9,277,282,45
2022-01-18T00:00,0,56,-7.7,0,0,0,0.01,3,996.6,990.3,100,86,86,0,26.5,41.1,285,287,50.4
2022-01-18T01:00,-0.2,61,-6.7,0,0,0,0.01,3,997.6,991.3,100,92,65,18,26.3,41.9,283,286,43.9
2022-01-18T02:00,-1,63,-7.1,0,0,0,0.01,1,998.7,992.3,23,13,17,4,26,42.3,294,297,46.4
2022-01-18T03:00,-1.9,64,-7.8,0,0,0,0.01,3,1000.4,994,80,89,0,1,23.2,39.5,289,293,42.1
2022-01-18T04:00,-2.3,62,-8.7,0,0,0,0.01,1,1002.3,995.9,26,28,0,2,21.4,36.2,287,292,40
2022-01-18T05:00,-3.2,63,-9.3,0,0,0,0.01,3,1003.6,997.1,93,31,59,100,21.7,35.7,291,296,37.1
2022-01-18T06:00,-3.3,61,-9.7,0,0,0,0.01,3,1005,998.5,100,29,78,98,25.1,40.9,297,301,41.8
2022-01-18T07:00,-3,61,-9.5,0,0,0,0.01,3,1006.8,1000.3,100,78,58,35,24.3,38.8,294,297,43.2
2022-01-18T08:00,-1.2,54,-9.3,0,0,0,0.01,2,1008.1,1001.7,80,78,16,0,21.6,35.4,288,292,40
2022-01-18T09:00,-1,57,-8.3,0,0,0,0.01,1,1009.3,1002.9,44,41,8,7,17.7,28.9,287,291,34.9
2022-01-18T10:00,0.5,56,-7.2,0,0,0,0.01,3,1010.6,1004.2,100,83,74,0,16.7,24.1,284,287,30.6
2022-01-18T11:00,1.5,50,-7.7,0,0,0,0.01,3,1011.3,1004.9,80,61,42,0,30,40.8,299,299,51.5
2022-01-18T12:00,1.6,50,-7.8,0,0,0,0.01,3,1012.3,1005.9,100,99,77,0,30.7,42.5,301,301,52.6
2022-01-18T13:00,1.5,43,-9.6,0,0,0,0.01,3,1012.5,1006.1,86,81,21,0,31.1,42.7,297,298,53.3
2022-01-18T14:00,1.9,42,-9.7,0,0,0,0.01,1,1013.3,1006.9,41,35,16,0,30.3,41.2,297,297,56.9
2022-01-18T15:00,2,41,-9.8,0,0,0,0.01,1,1014.2,1007.8,24,26,1,0,31.4,42.5,295,295,54
2022-01-18T16:00,1.5,42,-10.1,0,0,0,0.01,1,1015.6,1009.2,22,25,0,0,28.3,38.8,296,296,52.6
2022-01-18T17:00,0.6,43,-10.4,0,0,0,0.01,0,1016.7,1010.3,9,10,0,0,22.7,33.7,297,297,47.2
2022-01-18T18:00,-0.9,48,-10.5,0,0,0,0.01,0,1018.2,1011.7,1,1,0,0,15.3,28.5,300,299,36.4
2022-01-18T19:00,-1.9,53,-10.3,0,0,0,0.01,0,1019.6,1013.1,0,0,0,0,13.2,26.9,305,305,25.2
2022-01-18T20:00,-2.6,60,-9.3,0,0,0,0.01,0,1020.2,1013.7,0,0,0,0,8.7,20.4,315,318,21.2
2022-01-18T21:00,-3.7,67,-8.9,0,0,0,0.01,0,1020.7,1014.1,0,0,0,0,7.6,16.4,315,320,13.3
2022-01-18T22:00,-4.6,74,-8.6,0,0,0,0.01,0,1021.3,1014.7,0,0,0,0,8.6,13.9,292,307,11.9
2022-01-18T23:00,-5.1,79,-8.1,0,0,0,0.01,0,1022,1015.4,0,0,0,0,8.4,12.1,277,293,11.2
2022-01-19T00:00,-4.1,78,-7.3,0,0,0,0.01,0,1022.2,1015.6,0,0,0,0,5.7,7.6,252,265,10.8
2022-01-19T01:00,-3.5,81,-6.3,0,0,0,0.01,0,1022,1015.4,17,0,19,19,4.7,6.9,238,227,7.2
2022-01-19T02:00,-3.8,89,-5.4,0,0,0,0.01,1,1022.2,1015.6,21,0,27,17,6.2,10.4,190,194,7.6
2022-01-19T03:00,-4.4,93,-5.3,0,0,0,0.01,0,1022.2,1015.6,7,0,5,14,6.8,15.8,205,201,11.2
2022-01-19T04:00,-4.1,93,-5.1,0,0,0,0.01,1,1022.1,1015.5,32,0,6,96,6.5,16.7,214,205,10.4
2022-01-19T05:00,-3.6,90,-5.1,0,0,0,0.01,2,1021.9,1015.3,52,0,46,82,7.8,19.7,214,211,13.7
2022-01-19T06:00,-3.4,87,-5.2,0,0,0,0.01,2,1021.6,1015,79,0,82,99,8.7,21.3,210,208,13.7
2022-01-19T07:00,-2.7,84,-5.1,0,0,0,0.01,1,1021.3,1014.7,50,0,36,94,11.4,24.5,198,200,18
2022-01-19T08:00,-1.4,74,-5.3,0,0,0,0.01,3,1021,1014.5,90,0,100,100,16.3,27.9,194,195,22.3
2022-01-19T09:00,-0.3,70,-5.2,0,0,0,0.01,3,1020.9,1014.4,89,0,98,100,18.1,30.2,197,197,28.1
2022-01-19T10:00,1,65,-4.8,0,0,0,0.01,3,1020.6,1014.1,85,0,91,100,21.6,37,198,202,36.7
2022-01-19T11:00,2.4,65,-3.5,0,0,0,0.01,3,1019.9,1013.5,87,0,97,97,18.4,30.4,191,197,36
2022-01-19T12:00,4.1,61,-2.8,0,0,0,0.01,2,1018.6,1012.2,75,0,75,100,17.7,26.1,186,191,29.9
2022-01-19T13:00,5.6,56,-2.5,0,0,0,0.01,2,1016.8,1010.5,73,0,71,100,20.8,30.6,198,201,34.2
2022-01-19T14:00,6.8,53,-2.1,0,0,0,0.01,2,1015.8,1009.5,51,0,36,99,24.8,35.5,216,217,40.7
2022-01-19T15:00,7.4,52,-1.9,0,0,0,0.01,1,1015.2,1008.9,23,0,7,64,24.2,34.1,217,218,42.1
2022-01-19T16:00,7.6,53,-1.3,0,0,0,0.01,0,1014.8,1008.5,17,0,3,50,21.6,31.7,213,216,39.6
2022-01-19T17:00,6.8,56,-1.4,0,0,0,0.01,0,1014.6,1008.3,16,0,0,54,20.5,34.1,214,219,34.6
2022-01-19T18:00,5.3,60,-1.9,0,0,0,0.01,1,1014.5,1008.2,40,0,23,89,19.6,36.3,216,220,32.4
2022-01-19T19:00,5,61,-1.9,0,0,0,0.01,2,1014.8,1008.5,74,5,66,99,20.5,37.5,218,221,32.8
2022-01-19T20:00,3.8,69,-1.4,0,0,0,0.01,2,1015.2,1008.8,77,2,81,89,13.6,31.4,220,221,32.4
2022-01-19T21:00,4.6,65,-1.5,0,0,0,0.01,3,1015.2,1008.9,87,0,100,91,12.5,28,226,228,22.3
2022-01-19T22:00,5.1,62,-1.6,0,0,0,0.01,3,1015.2,1008.9,90,0,100,100,15.3,30.8,229,232,22.7
2022-01-19T23:00,5.3,61,-1.6,0,0,0,0.01,3,1015.2,1008.9,89,0,100,97,16.4,32.1,232,235,26.3
2022-01-20T00:00,5.3,61,-1.7,0,0,0,0.01,2,1015.3,1009,62,0,81,44,16.4,31.9,241,243,25.9
2022-01-20T01:00,4.7,63,-1.6,0,0,0,0.01,2,1015,1008.7,78,0,85,89,14.7,29.9,239,244,25.6
2022-01-20T02:00,3.7,68,-1.6,0,0,0,0.01,3,1014.8,1008.4,90,1,100,96,14.5,29.1,243,248,23
2022-01-20T03:00,3.6,69,-1.5,0,0,0,0.01,3,1015,1008.6,100,61,100,100,14.3,27,245,251,23
2022-01-20T04:00,3.3,75,-0.7,0.1,0.1,0,0.01,51,1016.3,1009.9,100,100,100,100,17.6,30.9,247,255,26.6
2022-01-20T05:00,2.6,91,1.2,0.9,0.9,0,0.01,53,1016.2,1009.8,93,3,100,100,10.5,23.7,264,280,27.4
2022-01-20T06:00,2.5,94,1.7,1.5,1.5,0,0.01,61,1016.4,1010,100,100,100,100,8.1,19.3,283,297,17.3
2022-01-20T07:00,2.4,95,1.7,0.7,0.7,0,0.01,53,1016.8,1010.4,100,71,100,100,7.9,18.6,294,311,12.2
2022-01-20T08:00,2.6,95,1.9,0.3,0.3,0,0.01,51,1017.6,1011.2,100,93,100,100,9.7,22.8,309,322,21.2
2022-01-20T09:00,1.9,96,1.3,0.9,0.8,0.07,0.01,71,1019.3,1012.9,100,100,100,100,17.6,27,317,318,27
2022-01-20T10:00,1,93,-0.1,1.3,0.3,0.7,0.01,73,1019.9,1013.4,90,0,100,100,17,30.6,328,332,30.6
2022-01-20T11:00,1,90,-0.5,0.8,0,0.56,0.01,73,1021,1014.5,90,0,100,100,18.8,29.1,331,333,31.7
2022-01-20T12:00,0.7,83,-1.9,0.5,0,0.35,0.02,73,1021.4,1014.9,94,5,100,100,20.4,28.4,328,330,33.5
2022-01-20T13:00,0.7,69,-4.3,0.1,0,0.07,0.02,71,1021.3,1014.8,79,0,82,98,21.1,28.8,330,331,36.4
2022-01-20T14:00,1.3,55,-6.8,0,0,0,0.02,3,1021.2,1014.7,84,0,93,95,20.9,27.9,331,331,37.1
2022-01-20T15:00,1.6,48,-8.4,0,0,0,0.02,2,1021.7,1015.2,64,0,63,86,22.3,28.9,329,329,38.2
2022-01-20T16:00,0.9,46,-9.4,0,0,0,0.02,1,1022.6,1016.1,43,0,43,57,21.6,29,327,328,39.6
2022-01-20T17:00,-0.4,47,-10.5,0,0,0,0.02,1,1023.2,1016.7,43,0,71,0,23.6,33.5,329,330,40
2022-01-20T18:00,-2.1,51,-11,0,0,0,0.02,0,1024.5,1017.9,8,0,14,0,21.6,33.6,327,329,38.5
2022-01-20T19:00,-3.8,53,-12,0,0,0,0.02,0,1025.5,1018.9,0,0,0,0,23.5,37.4,331,332,37.8
2022-01-20T20:00,-3,51,-11.8,0,0,0,0.02,0,1025.9,1019.3,9,0,15,0,18.5,32.4,331,331,37.8
2022-01-20T21:00,-3.6,56,-11.2,0,0,0,0.02,1,1026.9,1020.3,20,0,0,67,16.2,27.5,347,349,29.5
2022-01-20T22:00,-4.3,60,-11,0,0,0,0.02,1,1027.8,1021.2,30,0,0,99,19.5,31.3,356,358,31
2022-01-20T23:00,-5.4,56,-12.8,0,0,0,0.02,1,1028.8,1022.1,26,0,0,88,22.5,34.1,353,353,36.7
2022-01-21T00:00,-6.4,52,-14.5,0,0,0,0.02,1,1029.8,1023.1,30,0,0,99,22.6,32.7,351,352,38.5
2022-01-21T01:00,-7.5,55,-15.1,0,0,0,0.02,2,1030.3,1023.6,51,0,37,95,22.7,32.1,349,350,37.4
2022-01-21T02:00,-8.5,55,-15.9,0,0,0,0.02,1,1030.4,1023.6,34,0,26,62,23.3,33,351,352,38.9
2022-01-21T03:00,-9.3,57,-16.4,0,0,0,0.02,0,1030.4,1023.6,16,0,7,39,21.3,30.7,354,355,38.9
2022-01-21T04:00,-9.9,55,-17.2,0,0,0,0.02,1,1030.9,1024.1,23,0,2,71,21.2,29.9,360,1,35.6
2022-01-21T05:00,-10.4,54,-17.9,0,0,0,0.02,1,1031.1,1024.3,47,0,36,84,21.6,30.3,4,4,36.4
2022-01-21T06:00,-10.8,53,-18.6,0,0,0,0.02,2,1031.7,1024.9,51,0,47,76,21.6,30.3,4,4,38.2
2022-01-21T07:00,-11.4,53,-19.2,0,0,0,0.02,1,1032.4,1025.6,37,0,35,54,20.2,28.8,2,3,36.4
2022-01-21T08:00,-10.4,50,-18.9,0,0,0,0.02,2,1033.8,1027,75,0,82,87,19.5,27.1,4,5,34.2
2022-01-21T09:00,-10.3,50,-18.8,0,0,0,0.02,3,1034.9,1028.1,90,0,100,99,19.5,26.3,3,4,33.5
2022-01-21T10:00,-9.8,49,-18.5,0,0,0,0.02,3,1035.3,1028.5,88,0,98,99,21.6,28.5,3,3,37.4
2022-01-21T11:00,-9.1,48,-18.1,0,0,0,0.02,3,1035.9,1029.1,87,0,99,92,22,28.9,4,4,39.6
2022-01-21T12:00,-8.4,47,-17.7,0,0,0,0.02,3,1035.8,1029,85,0,93,98,21.6,27.8,3,4,39.2
2022-01-21T13:00,-7.1,43,-17.7,0,0,0,0.02,2,1035,1028.2,59,0,93,12,20.9,26.7,2,3,39.6
2022-01-21T14:00,-5.9,39,-17.7,0,0,0,0.02,1,1034.2,1027.5,32,0,53,0,20.5,26.3,3,4,38.5
2022-01-21T15:00,-5.3,37,-17.8,0,0,0,0.02,1,1033.7,1027,21,0,8,53,19.9,25.8,6,7,38.2
2022-01-21T16:00,-5.2,36,-17.9,0,0,0,0.02,1,1033.4,1026.7,26,0,0,86,19.3,24.9,9,10,36.4
2022-01-21T17:00,-5.7,36,-18.3,0,0,0,0.02,2,1033.5,1026.8,58,0,55,85,18.6,24.8,9,9,34.2
2022-01-21T18:00,-6.6,41,-17.7,0,0,0,0.02,3,1033.9,1027.2,84,0,90,100,15.9,25.4,5,7,31.7
2022-01-21T19:00,-7.3,42,-18,0,0,0,0.02,2,1034.4,1027.6,76,0,77,100,17.8,27.8,8,10,29.2
2022-01-21T20:00,-7.2,44,-17.3,0,0,0,0.02,3,1035.2,1028.4,83,0,89,100,15.8,23.7,12,13,31.7
2022-01-21T21:00,-7.5,44,-17.6,0,0,0,0.02,2,1035.3,1028.5,78,0,80,100,16.4,24.3,15,15,27.7
2022-01-21T22:00,-7.8,45,-17.8,0,0,0,0.02,2,1035.1,1028.3,67,0,61,100,16.5,23.9,10,12,28.1
2022-01-21T23:00,-8.2,45,-18.1,0,0,0,0.02,2,1034.9,1028.1,59,0,49,100,16.3,24.1,6,9,27.7
2022-01-22T00:00,-8.7,46,-18.2,0,0,0,0.02,2,1034.5,1027.7,76,0,76,100,16.2,24.6,360,7,27.4
2022-01-22T01:00,-9,47,-18.3,0,0,0,0.02,2,1034.1,1027.3,68,0,63,100,17.7,26.6,4,9,29.5
2022-01-22T02:00,-9.4,48,-18.4,0,0,0,0.02,3,1032.8,1026,82,0,86,100,18.8,28,3,8,31.3
2022-01-22T03:00,-10.3,51,-18.6,0,0,0,0.02,1,1031.8,1025,31,0,1,100,19.5,31.5,358,6,32
2022-01-22T04:00,-11,52,-19,0,0,0,0.02,1,1031.1,1024.3,34,0,7,98,19.8,32,1,8,33.1
2022-01-22T05:00,-11.5,52,-19.3,0,0,0,0.02,1,1030.7,1023.9,20,0,0,67,18.4,31.4,3,13,32.8
2022-01-22T06:00,-11.8,51,-19.8,0,0,0,0.02,0,1031.1,1024.3,0,0,0,0,17.3,28.2,2,11,30.2
2022-01-22T07:00,-12.1,51,-20.1,0,0,0,0.02,0,1031.4,1024.5,0,0,0,0,16.6,29.1,356,12,29.2
2022-01-22T08:00,-11.9,53,-19.6,0,0,0,0.02,0,1031.6,1024.7,0,0,0,0,15.9,27.8,357,10,28.1
2022-01-22T09:00,-11.3,51,-19.5,0,0,0,0.02,0,1031.6,1024.8,0,0,0,0,15.5,26.4,3,14,26.6
2022-01-22T10:00,-9.3,45,-19,0,0,0,0.02,0,1031.3,1024.5,0,0,0,0,15.5,21.3,360,6,29.2
2022-01-22T11:00,-7.1,45,-17.1,0,0,0,0.02,0,1030.9,1024.2,0,0,0,0,14.8,18.9,4,8,29.5
2022-01-22T12:00,-4.9,44,-15.3,0,0,0,0.02,0,1030.2,1023.5,0,0,0,0,13.7,16.9,357,358,29.5
2022-01-22T13:00,-3.2,44,-13.8,0,0,0,0.02,0,1028.5,1021.9,0,0,0,0,11.2,13.8,6,6,28.1
2022-01-22T14:00,-2.1,41,-13.6,0,0,0,0.02,0,1026.5,1019.9,0,0,0,0,8.2,9.8,29,28,25.2
2022-01-22T15:00,-1.5,37,-14.4,0,0,0,0.02,0,1025.6,1019,0,0,0,0,4.5,5.6,29,27,20.9
2022-01-22T16:00,-1.5,36,-14.7,0,0,0,0.02,0,1024.7,1018.2,3,0,0,10,2.3,2.8,51,50,15.5
2022-01-22T17:00,-1.9,37,-14.7,0,0,0,0.02,0,1023.6,1017.1,1,0,0,2,2.4,2.9,117,120,11.2
2022-01-22T18:00,-3.5,50,-12.5,0,0,0,0.02,0,1023,1016.4,13,0,0,42,5.6,5.9,140,137,7.6
2022-01-22T19:00,-5.5,65,-11,0,0,0,0.02,1,1022.4,1015.8,39,0,35,59,8.2,10,165,159,10.8
2022-01-22T20:00,-4,68,-9.1,0,0,0,0.02,1,1022.4,1015.8,48,0,60,39,5.5,12.1,169,170,11.2
2022-01-22T21:00,-5,79,-8,0,0,0,0.02,1,1021.8,1015.2,38,0,40,46,7.1,14.5,204,207,10.4
2022-01-22T22:00,-5.3,76,-9,0,0,0,0.02,1,1021.5,1014.9,36,0,10,100,6.6,16.5,248,247,10.8
2022-01-22T23:00,-4.9,61,-11.3,0,0,0,0.02,1,1020.4,1013.8,29,0,0,96,7.1,16.6,225,228,11.2
2022-01-23T00:00,-5.3,60,-12,0,0,0,0.02,0,1019.9,1013.3,0,0,0,0,9.4,20.4,238,234,15.1
2022-01-23T01:00,-5.8,57,-12.9,0,0,0,0.02,0,1019.2,1012.6,0,0,0,0,8.5,20.4,234,234,15.1
2022-01-23T02:00,-6.1,54,-14,0,0,0,0.02,0,1018.5,1011.9,7,0,11,0,9.3,21.6,234,237,14.8
2022-01-23T03:00,-5.9,49,-15,0,0,0,0.02,0,1018,1011.4,2,0,3,0,11.7,24.3,236,241,18.7
2022-01-23T04:00,-5.9,44,-16.2,0,0,0,0.02,0,1017.5,1010.9,0,0,0,0,11.4,23.9,242,247,19.1
2022-01-23T05:00,-5.8,43,-16.3,0,0,0,0.02,0,1016.6,1010,0,0,0,0,12.4,24.9,240,248,19.8
2022-01-23T06:00,-5.8,43,-16.3,0,0,0,0.02,0,1016.1,1009.5,0,0,0,0,12.3,24.6,249,255,20.5
2022-01-23T07:00,-5.9,43,-16.5,0,0,0,0.02,0,1015.8,1009.2,16,3,0,46,11.4,23.5,259,264,19.8
2022-01-23T08:00,-5.2,46,-14.9,0,0,0,0.02,1,1016,1009.4,37,2,9,99,10.1,22.1,253,263,18.4
2022-01-23T09:00,-4.5,46,-14.5,0,0,0,0.02,3,1015.6,1009,88,0,97,99,12.7,21.3,241,254,19.4
2022-01-23T10:00,-3.1,42,-14.3,0,0,0,0.02,3,1014.9,1008.4,86,0,95,97,12.5,18.1,231,239,22.7
2022-01-23T11:00,-1.5,40,-13.5,0,0,0,0.02,3,1014.3,1007.8,89,0,99,98,12.9,16.7,234,237,24.8
2022-01-23T12:00,0,38,-12.8,0,0,0,0.02,2,1013.7,1007.3,61,0,75,54,13.4,16.9,246,250,26.3
2022-01-23T13:00,1.5,34,-12.6,0,0,0,0.02,1,1012.2,1005.8,37,0,61,0,13.1,16.3,249,252,27
2022-01-23T14:00,2.3,32,-12.7,0,0,0,0.02,2,1010.7,1004.3,55,0,54,75,12.8,15.6,238,241,27
2022-01-23T15:00,2.8,31,-12.7,0,0,0,0.02,2,1009.9,1003.5,56,0,83,20,13.7,17.2,235,237,27
2022-01-23T16:00,2.8,31,-12.7,0,0,0,0.02,2,1009.4,1003.1,78,0,100,59,14.4,18.7,238,240,27
2022-01-23T17:00,2.1,35,-11.7,0,0,0,0.02,1,1008.9,1002.5,44,0,71,4,11.4,17.4,242,243,25.9
2022-01-23T18:00,-1.4,49,-10.7,0,0,0,0.02,2,1008.7,1002.3,64,5,100,0,9.8,18.4,246,247,18
2022-01-23T19:00,0,47,-10,0,0,0,0.02,2,1008.8,1002.4,61,3,97,0,8.8,20.8,258,256,13.3
2022-01-23T20:00,-0.5,62,-6.9,0,0,0,0.02,3,1009.5,1003.1,100,79,100,0,6.5,16.2,267,267,13.3
2022-01-23T21:00,-0.6,67,-6,0.1,0,0.07,0.02,71,1009.8,1003.4,100,100,100,0,7.3,15.1,261,267,11.2
2022-01-23T22:00,-1,74,-5.1,0.2,0,0.14,0.02,71,1009.7,1003.3,100,100,100,0,4,9.7,260,274,10.8
2022-01-23T23:00,-1.4,81,-4.2,0,0,0,0.02,3,1009.6,1003.2,100,44,100,0,2.8,5.8,230,263,5.8
2022-01-24T00:00,-1.7,84,-4.1,0,0,0,0.02,3,1009.4,1002.9,94,13,97,81,3.3,5.1,264,274,4.7
2022-01-24T01:00,-1.7,81,-4.5,0,0,0,0.02,2,1009.4,1002.9,59,45,31,0,3.7,5.9,281,284,4.7
2022-01-24T02:00,-2,82,-4.7,0,0,0,0.02,2,1009.1,1002.6,79,82,8,0,1.8,4.3,323,294,4.3
2022-01-24T03:00,-2.4,83,-4.8,0,0,0,0.02,1,1009.1,1002.6,24,18,13,0,2,1.8,45,323,2.5
2022-01-24T04:00,-2.9,86,-4.9,0,0,0,0.02,3,1009.5,1003,100,100,52,0,0.7,1.8,360,281,2.2
2022-01-24T05:00,-2.5,85,-4.6,0,0,0,0.02,3,1009.6,1003.1,100,100,94,0,3.4,4.6,342,315,6.5
2022-01-24T06:00,-2.3,86,-4.4,0.1,0,0.07,0.02,71,1010.1,1003.6,100,100,64,0,4.6,8.8,342,325,7.6
2022-01-24T07:00,-2,84,-4.3,0.1,0,0.07,0.02,71,1011,1004.5,98,100,13,0,12.8,20.4,349,351,18.7
2022-01-24T08:00,-2.8,80,-5.7,0,0,0,0.02,3,1012.3,1005.8,99,100,11,9,10.7,18.7,327,335,31
2022-01-24T09:00,-2.3,73,-6.4,0,0,0,0.02,3,1013.4,1006.9,90,100,0,0,11.8,16.3,329,332,20.2
2022-01-24T10:00,-2,64,-7.9,0,0,0,0.02,3,1014,1007.5,100,100,18,0,13.4,17.4,346,347,23.8
2022-01-24T11:00,-1.8,62,-8.2,0,0,0,0.03,2,1014.3,1007.8,77,86,0,0,12.7,16,352,352,24.8
2022-01-24T12:00,-1.1,61,-7.7,0,0,0,0.03,3,1014.2,1007.7,90,100,0,0,8.5,10.3,348,348,24.5
2022-01-24T13:00,-0.6,61,-7.2,0,0,0,0.02,3,1013.3,1006.8,92,100,0,8,3.2,3.7,333,331,19.4
2022-01-24T14:00,-0.3,58,-7.5,0,0,0,0.02,3,1012.8,1006.4,88,96,0,4,3.7,4.5,241,241,14.4
2022-01-24T15:00,-0.2,57,-7.6,0,0,0,0.02,3,1012.1,1005.7,88,87,0,33,4.3,5.1,185,188,14.4
2022-01-24T16:00,0,57,-7.5,0,0,0,0.02,3,1011.8,1005.4,100,61,71,100,8,9.4,170,173,18.4
2022-01-24T17:00,-0.3,58,-7.5,0,0,0,0.02,3,1011.8,1005.4,83,0,89,100,9.3,11.5,164,166,17.6
2022-01-24T18:00,-1.7,67,-7,0,0,0,0.02,2,1012.2,1005.7,75,0,75,100,10,18.9,159,159,19.8
2022-01-24T19:00,-2.3,74,-6.4,0,0,0,0.02,3,1012.4,1005.9,83,0,89,100,6.9,17.7,141,151,16.6
2022-01-24T20:00,-1.4,76,-5.1,0,0,0,0.02,3,1012.4,1005.9,100,16,100,100,5.7,13.2,108,135,11.9
2022-01-24T21:00,-0.5,75,-4.4,0,0,0,0.02,3,1011.6,1005.2,91,1,100,99,9.8,19.1,152,168,14.8
2022-01-24T22:00,0.2,70,-4.6,0,0,0,0.02,3,1011.8,1005.4,97,8,100,100,14.6,25.2,190,190,22.3
2022-01-24T23:00,0.3,73,-4,0,0,0,0.02,3,1011.6,1005.2,98,10,99,100,15.1,25.9,192,194,25.6
2022-01-25T00:00,0.3,76,-3.5,0,0,0,0.02,3,1011.4,1005,100,23,97,71,13.3,24.4,193,193,24.1
2022-01-25T01:00,0.5,78,-2.9,0,0,0,0.02,3,1011.1,1004.7,100,37,100,36,12,23.6,196,196,21.6
2022-01-25T02:00,0.9,78,-2.5,0,0,0,0.02,3,1010.7,1004.3,100,77,100,0,10.6,21.4,204,205,19.1
2022-01-25T03:00,0.6,81,-2.3,0,0,0,0.02,3,1010.4,1004,100,98,100,0,7,17.8,215,216,16.9
2022-01-25T04:00,0.5,82,-2.3,0,0,0,0.02,3,1010.4,1004,100,98,100,0,5.9,16.3,227,229,10.8
2022-01-25T05:00,0.5,81,-2.4,0,0,0,0.02,3,1010.6,1004.2,100,96,100,0,6.5,16.7,236,237,9.7
2022-01-25T06:00,0.5,80,-2.6,0,0,0,0.02,3,1010.6,1004.2,100,85,100,0,6.3,16.7,239,245,10.1
2022-01-25T07:00,0.3,81,-2.6,0,0,0,0.02,2,1010.9,1004.5,71,37,61,4,5.9,15.6,232,247,9.4
2022-01-25T08:00,-0.4,80,-3.4,0,0,0,0.02,0,1011.5,1005.1,16,0,3,46,7.9,10.9,246,264,9.7
2022-01-25T09:00,0.4,82,-2.3,0,0,0,0.02,2,1012.7,1006.3,54,29,11,72,6.7,13.1,254,262,9.7
2022-01-25T10:00,2,74,-2.1,0,0,0,0.02,3,1013.6,1007.2,100,60,75,100,7.2,14.5,276,277,15.1
2022-01-25T11:00,3,69,-2.1,0,0,0,0.02,3,1014.6,1008.2,100,100,90,100,8,11.7,288,288,16.2
2022-01-25T12:00,3.8,66,-2,0,0,0,0.02,3,1014.6,1008.2,85,0,92,100,6.9,9.3,309,306,16.2
2022-01-25T13:00,5.2,59,-2.1,0,0,0,0.02,2,1014.3,1008,63,0,56,98,8.4,10.5,260,262,18.4
2022-01-25T14:00,6.2,52,-2.9,0,0,0,0.02,2,1014,1007.7,58,42,0,67,16.7,21.4,276,277,28.1
2022-01-25T15:00,6.4,48,-3.7,0,0,0,0.02,1,1013.9,1007.6,30,1,11,74,17,21.9,291,290,31.7
2022-01-25T16:00,6,47,-4.4,0,0,0,0.02,3,1014.5,1008.2,93,60,40,51,17.1,22.3,285,284,31
2022-01-25T17:00,5,51,-4.4,0,0,0,0.02,0,1015.3,1009,4,4,0,0,15,22.1,291,292,29.5
2022-01-25T18:00,2.8,51,-6.3,0,0,0,0.02,0,1016.5,1010.1,1,0,1,0,14.5,27.4,284,287,23.8
2022-01-25T19:00,1.1,47,-9.1,0,0,0,0.02,0,1017.6,1011.2,0,0,0,0,15.4,29.7,281,284,24.8
2022-01-25T20:00,-1.5,59,-8.4,0,0,0,0.02,0,1018.9,1012.4,0,0,0,0,10,22.4,308,312,24.8
2022-01-25T21:00,-2.5,64,-8.4,0,0,0,0.02,0,1019.8,1013.3,0,0,0,0,8.9,21.5,320,329,16.2
2022-01-25T22:00,-3.2,65,-8.9,0,0,0,0.02,0,1020.5,1013.9,0,0,0,0,8.7,21.5,322,329,14
2022-01-25T23:00,-3.8,66,-9.2,0,0,0,0.02,0,1021.2,1014.6,0,0,0,0,10.1,22.7,325,331,15.1
2022-01-26T00:00,-3.9,66,-9.4,0,0,0,0.02,0,1021.8,1015.2,0,0,0,0,14.8,28.8,334,340,23
2022-01-26T01:00,-4.2,64,-10,0,0,0,0.02,0,1022.1,1015.5,0,0,0,0,16.3,29.5,335,338,25.6
2022-01-26T02:00,-4.8,63,-10.9,0,0,0,0.02,0,1022.6,1016,0,0,0,0,18.4,31.7,329,332,29.9
2022-01-26T03:00,-5.8,62,-11.9,0,0,0,0.02,0,1023.4,1016.8,0,0,0,0,17.9,29.8,332,335,30.2
2022-01-26T04:00,-6.4,60,-12.9,0,0,0,0.02,0,1023.9,1017.2,0,0,0,0,14.7,25.7,335,338,29.2
2022-01-26T05:00,-7,60,-13.4,0,0,0,0.02,0,1024.2,1017.5,0,0,0,0,13.5,23.7,331,334,23.8
2022-01-26T06:00,-7.4,60,-13.8,0,0,0,0.02,0,1024.8,1018.1,0,0,0,0,13.5,23.3,331,333,22.3
2022-01-26T07:00,-7.8,61,-14,0,0,0,0.02,0,1025.4,1018.7,0,0,0,0,12.9,22.6,333,335,22
2022-01-26T08:00,-6.7,55,-14.2,0,0,0,0.02,0,1026.5,1019.8,0,0,0,0,12,22.4,327,330,20.9
2022-01-26T09:00,-6.2,56,-13.6,0,0,0,0.02,0,1027.3,1020.6,0,0,0,0,12,19.6,311,316,19.4
2022-01-26T10:00,-5.3,51,-13.8,0,0,0,0.02,0,1028.3,1021.6,0,0,0,0,18.4,24.3,320,322,31.3
2022-01-26T11:00,-4.6,42,-15.5,0,0,0,0.02,0,1028.8,1022.2,0,0,0,0,20.5,26.6,336,337,37.1
2022-01-26T12:00,-4,41,-15.3,0,0,0,0.02,0,1028.7,1022.1,0,0,0,0,20.3,25.9,333,333,37.4
2022-01-26T13:00,-3.6,37,-16.1,0,0,0,0.02,0,1027.9,1021.3,0,0,0,0,20.5,26.5,326,326,38.2
2022-01-26T14:00,-3.1,34,-16.9,0,0,0,0.02,0,1027.6,1021,0,0,0,0,21.2,27.5,325,326,38.9
2022-01-26T15:00,-3,33,-17.2,0,0,0,0.02,0,1027.6,1021,0,0,0,0,21.6,27.9,327,327,39.2
2022-01-26T16:00,-3.4,33,-17.4,0,0,0,0.02,0,1027.8,1021.2,0,0,0,0,21,27.1,329,330,38.9
2022-01-26T17:00,-3.9,32,-18.2,0,0,0,0.02,0,1028.5,1021.9,0,0,0,0,19,25.1,331,331,36.7
2022-01-26T18:00,-4.9,36,-17.7,0,0,0,0.02,0,1029.5,1022.8,0,0,0,0,13.7,23.7,330,332,31.7
2022-01-26T19:00,-5.7,37,-18,0,0,0,0.02,0,1030.3,1023.6,0,0,0,0,12.1,23.2,330,332,22.7
2022-01-26T20:00,-5.8,42,-16.7,0,0,0,0.02,0,1030.7,1024,0,0,0,0,10.3,22.4,335,336,19.8
2022-01-26T21:00,-6.2,45,-16.3,0,0,0,0.02,0,1031.3,1024.6,0,0,0,0,7.7,18.7,332,337,16.6
2022-01-26T22:00,-6.6,48,-15.9,0,0,0,0.02,0,1031.8,1025.1,0,0,0,0,8.6,20,327,332,13.3
2022-01-26T23:00,-7,50,-15.7,0,0,0,0.02,0,1032.2,1025.5,0,0,0,0,9.1,19.6,353,354,14.8
2022-01-27T00:00,-7.7,54,-15.3,0,0,0,0.02,0,1032.3,1025.6,0,0,0,0,7.8,16.6,13,22,14.8
2022-01-27T01:00,-8.1,55,-15.5,0,0,0,0.02,0,1032.3,1025.5,0,0,0,0,6.4,14.1,16,32,12.6
2022-01-27T02:00,-8.4,55,-15.9,0,0,0,0.02,0,1032.3,1025.5,0,0,0,0,6,13.3,17,33,10.8
2022-01-27T03:00,-8.8,54,-16.4,0,0,0,0.02,0,1032.2,1025.4,0,0,0,0,5.4,12.7,37,47,9.7
2022-01-27T04:00,-9.1,55,-16.5,0,0,0,0.02,0,1032.1,1025.3,0,0,0,0,5.1,11.7,45,56,9
2022-01-27T05:00,-9.2,56,-16.4,0,0,0,0.02,0,1032.1,1025.3,0,0,0,0,4.4,10,35,60,8.3
2022-01-27T06:00,-9.2,56,-16.4,0,0,0,0.02,0,1032.1,1025.3,0,0,0,0,5,9.6,21,56,8.3
2022-01-27T07:00,-9.3,56,-16.4,0,0,0,0.02,0,1032.1,1025.3,0,0,0,0,5,9.1,21,56,8.6
2022-01-27T08:00,-9.2,57,-16.1,0,0,0,0.02,0,1032.9,1026.1,0,0,0,0,5.2,8.1,16,58,8.3
2022-01-27T09:00,-8.7,53,-16.5,0,0,0,0.02,0,1032.8,1026,0,0,0,0,6.7,9.3,36,77,12.2
2022-01-27T10:00,-6.7,46,-16.3,0,0,0,0.02,0,1032.6,1025.9,0,0,0,0,5.6,7.2,75,87,14.4
2022-01-27T11:00,-4.5,39,-16.4,0,0,0,0.02,0,1032.3,1025.6,0,0,0,0,6.3,7.8,121,124,16.9
2022-01-27T12:00,-2.9,42,-13.9,0,0,0,0.02,0,1031.6,1025,0,0,0,0,9.7,11.9,165,166,22
2022-01-27T13:00,-1.8,40,-13.5,0,0,0,0.02,0,1030.4,1023.8,1,1,0,0,14.6,18,200,200,28.8
2022-01-27T14:00,-0.9,38,-13.4,0,0,0,0.02,0,1028.9,1022.3,0,0,0,0,16.3,20.4,186,188,31.3
2022-01-27T15:00,-0.4,40,-12.3,0,0,0,0.02,0,1027.6,1021.1,0,0,0,0,18.7,23.8,181,182,34.6
2022-01-27T16:00,-0.2,39,-12.4,0,0,0,0.02,0,1027,1020.5,2,2,0,0,17.3,22.1,185,187,34.6
2022-01-27T17:00,-0.2,37,-13.1,0,0,0,0.02,0,1026.4,1019.9,0,0,0,0,15.1,20.2,181,184,31
2022-01-27T18:00,-2.5,54,-10.5,0,0,0,0.02,0,1025.9,1019.3,0,0,0,0,8.7,20.5,175,182,25.2
2022-01-27T19:00,-3.4,74,-7.4,0,0,0,0.02,1,1025.6,1019,24,0,0,81,10.1,23.9,184,187,15.8
2022-01-27T20:00,-4.1,52,-12.5,0,0,0,0.02,1,1025.7,1019.1,25,0,0,82,8.9,21.6,256,252,22.3
2022-01-27T21:00,-4.5,59,-11.2,0,0,0,0.02,1,1025.1,1018.5,28,0,2,89,7,18.6,215,223,14
2022-01-27T22:00,-4.3,70,-9,0,0,0,0.02,3,1025.1,1018.5,83,0,93,92,7.7,19.3,217,217,12.2
2022-01-27T23:00,-3.6,66,-9,0,0,0,0.02,3,1024.7,1018.1,90,0,100,100,10.5,20.4,218,222,16.6
2022-01-28T00:00,-3,58,-10.2,0,0,0,0.02,3,1024.4,1017.8,93,3,100,100,11.9,21.7,215,223,18.7
2022-01-28T01:00,-2.6,57,-10.1,0,0,0,0.02,3,1023.7,1017.1,100,12,100,100,11.3,20,211,219,19.1
2022-01-28T02:00,-2.3,56,-10,0,0,0,0.02,3,1023.1,1016.5,100,16,100,100,13.8,21.8,213,218,21.6
2022-01-28T03:00,-2.1,55,-10.1,0,0,0,0.02,3,1022.7,1016.2,100,12,100,100,13.5,20.6,224,227,22
2022-01-28T04:00,-2.1,59,-9.1,0.1,0,0.07,0.02,71,1022.4,1015.9,92,2,100,100,12,18.6,224,229,21.6
2022-01-28T05:00,-2,61,-8.6,0,0,0,0.02,3,1021.6,1015.1,89,0,99,100,9.5,15.8,217,229,19.4
2022-01-28T06:00,-2.1,63,-8.2,0,0,0,0.02,2,1021.1,1014.6,75,1,74,100,6.1,12.9,220,234,14.8
2022-01-28T07:00,-2.6,65,-8.2,0,0,0,0.02,3,1021,1014.5,100,14,100,100,4.8,12.6,228,246,10.1
2022-01-28T08:00,-1.7,66,-7.3,0,0,0,0.02,3,1021.2,1014.7,100,27,100,100,4.7,7.8,212,248,9.7
2022-01-28T09:00,-1.5,67,-6.9,0.2,0,0.14,0.02,71,1021.5,1015,100,100,100,100,6.6,9.3,241,254,11.9
2022-01-28T10:00,-1.5,71,-6.1,0.3,0,0.21,0.02,73,1021.4,1014.9,100,92,100,100,4.8,6,243,253,12.2
2022-01-28T11:00,-1.3,74,-5.3,0.2,0,0.14,0.02,71,1021.4,1014.9,100,38,100,100,2.8,3.4,230,238,10.8
2022-01-28T12:00,-0.5,73,-4.7,0.1,0,0.07,0.02,71,1021.1,1014.6,100,75,100,100,1.6,1.8,207,217,10.8
2022-01-28T13:00,-0.5,74,-4.5,0.1,0,0.07,0.02,71,1020.6,1014.1,100,87,100,100,1.1,1.1,180,180,10.1
2022-01-28T14:00,-0.1,73,-4.3,0.1,0,0.07,0.02,71,1019.7,1013.2,100,90,100,94,1.8,2.3,349,342,9
2022-01-28T15:00,0.2,73,-4.1,0.1,0,0.07,0.02,71,1019.1,1012.6,100,20,100,99,3.5,4.2,24,20,10.8
2022-01-28T16:00,0.7,71,-4,0.1,0,0.07,0.02,71,1018.6,1012.1,100,76,100,100,5.5,6.9,32,28,14
2022-01-28T17:00,0.6,71,-4.1,0,0,0,0.02,3,1018.2,1011.7,100,20,100,100,7.8,9.7,34,31,14.8
2022-01-28T18:00,0.2,75,-3.7,0,0,0,0.02,3,1017.7,1011.2,90,0,100,100,9.2,15,39,35,15.5
2022-01-28T19:00,-0.6,80,-3.6,0,0,0,0.02,3,1017.5,1011,91,1,100,100,8.7,17.8,45,42,14.8
2022-01-28T20:00,-1,84,-3.4,0.1,0,0.07,0.02,71,1017.4,1010.9,100,15,100,100,8.9,16.8,50,48,16.2
2022-01-28T21:00,-1.2,87,-3.1,0.2,0,0.14,0.02,71,1017.2,1010.7,100,30,100,100,11.2,18.6,40,44,17.6
2022-01-28T22:00,-1.4,87,-3.3,0.4,0,0.28,0.02,73,1016.9,1010.4,100,13,100,100,14,22.4,23,30,22
2022-01-28T23:00,-1.6,85,-3.8,0.5,0,0.35,0.03,73,1015.8,1009.3,90,0,100,100,19.6,30.2,17,22,31
2022-01-29T00:00,-1.8,85,-4.1,0.7,0,0.49,0.03,73,1014.7,1008.2,100,100,100,100,22.7,34.6,18,21,36
2022-01-29T01:00,-2.8,84,-5.1,1,0,0.7,0.04,73,1013.5,1007,100,46,100,100,28.2,41.8,5,8,45.7
2022-01-29T02:00,-5,79,-8,1.2,0,0.84,0.04,75,1012.4,1005.8,100,94,100,100,29.5,45,359,2,48.6
2022-01-29T03:00,-6.4,78,-9.5,1.5,0,1.05,0.05,75,1011.4,1004.8,100,77,100,100,30.2,45,359,1,49
2022-01-29T04:00,-8,81,-10.7,1.6,0,1.12,0.06,75,1010.1,1003.5,100,23,100,100,29,45.1,353,355,49.7
2022-01-29T05:00,-8.9,81,-11.6,1.7,0,1.19,0.07,75,1008.7,1002.1,100,86,100,100,29.9,46.4,351,354,49
2022-01-29T06:00,-9.8,80,-12.6,1.6,0,1.12,0.09,75,1007.5,1000.9,100,96,100,100,31.7,50.3,351,354,53.3
2022-01-29T07:00,-10.6,80,-13.4,1.4,0,1.05,0.1,75,1006.7,1000,100,100,100,100,32.9,52,347,349,53.3
2022-01-29T08:00,-9.2,81,-11.8,1.2,0,0.84,0.11,75,1006,999.4,100,87,100,100,36.4,58.2,349,351,53.6
2022-01-29T09:00,-9.2,77,-12.5,1,0,0.7,0.12,73,1006.5,999.9,100,87,100,100,43.9,67.2,353,355,70.6
2022-01-29T10:00,-9.8,79,-12.7,1.3,0,0.91,0.13,75,1005.8,999.2,100,88,100,100,40.5,62.4,348,350,74.2
2022-01-29T11:00,-9.8,77,-13.1,1.1,0,0.77,0.14,73,1006.3,999.7,100,37,100,70,34.3,51.1,339,341,63
2022-01-29T12:00,-9.6,74,-13.3,0.7,0,0.49,0.14,73,1006.3,999.7,100,33,100,100,33.6,49.6,339,340,56.9
2022-01-29T13:00,-9.4,72,-13.5,0.7,0,0.49,0.14,73,1005.4,998.8,90,0,100,100,32.8,48.8,339,340,55.8
2022-01-29T14:00,-8.5,70,-13,0.6,0,0.42,0.15,73,1004.9,998.3,91,1,100,100,28.4,41.9,331,333,52.2
2022-01-29T15:00,-8.3,71,-12.6,0.5,0,0.35,0.15,73,1004.3,997.7,90,0,100,100,27,40.5,312,315,46.4
2022-01-29T16:00,-8.6,69,-13.3,0.4,0,0.28,0.15,73,1004.9,998.3,90,0,100,100,24.5,36.9,303,308,43.9
2022-01-29T17:00,-8.8,63,-14.5,0.3,0,0.21,0.15,73,1005.1,998.5,90,0,100,100,29.1,45.4,304,311,44.3
2022-01-29T18:00,-8.8,58,-15.6,0.1,0,0.07,0.15,71,1005.3,998.7,90,0,100,100,29.8,46.7,315,318,50.8
2022-01-29T19:00,-9,55,-16.3,0,0,0,0.15,3,1006.1,999.5,89,0,99,100,27,42.9,316,319,47.5
2022-01-29T20:00,-8.6,50,-17.3,0,0,0,0.15,2,1005.2,998.6,52,0,37,98,28.8,46.1,311,315,43.2
2022-01-29T21:00,-10.1,53,-17.9,0,0,0,0.15,1,1006.8,1000.2,45,0,25,99,26.5,43.8,312,316,46.1
2022-01-29T22:00,-11.5,56,-18.6,0,0,0,0.15,1,1007.9,1001.2,24,0,20,41,28.2,45.8,309,314,45
2022-01-29T23:00,-12.7,56,-19.6,0,0,0,0.15,1,1009,1002.3,34,0,11,93,29.6,47.9,311,315,47.5
2022-01-30T00:00,-13.4,56,-20.4,0,0,0,0.15,0,1009.8,1003.1,13,0,0,42,29,47.6,313,317,47.5
2022-01-30T01:00,-13.7,56,-20.5,0,0,0,0.15,0,1010.4,1003.6,2,0,0,6,25.7,43,313,317,46.8
2022-01-30T02:00,-13.7,61,-19.7,0,0,0,0.15,0,1010.7,1003.9,0,0,0,0,22.7,40.2,311,315,41
2022-01-30T03:00,-13.4,62,-19.1,0,0,0,0.15,0,1011.1,1004.3,0,0,0,0,21.5,38.7,308,313,36.7
2022-01-30T04:00,-13.2,63,-18.7,0,0,0,0.15,0,1011.5,1004.7,0,0,0,0,21.3,39,307,312,34.6
2022-01-30T05:00,-13,63,-18.5,0,0,0,0.15,0,1012,1005.2,0,0,0,0,21.2,38.3,305,310,34.2
2022-01-30T06:00,-12.9,64,-18.4,0,0,0,0.15,0,1012.7,1005.9,0,0,0,0,18.7,35.5,304,310,33.8
2022-01-30T07:00,-13.2,66,-18.2,0,0,0,0.15,0,1013.7,1006.9,0,0,0,0,15.8,32,297,306,29.9
2022-01-30T08:00,-12.3,65,-17.6,0,0,0,0.15,0,1015.2,1008.4,11,0,3,31,18.5,34.1,291,298,26.3
2022-01-30T09:00,-12.2,68,-16.9,0,0,0,0.15,0,1016.3,1009.5,2,0,3,0,17.2,31.9,286,294,29.2
2022-01-30T10:00,-11.4,67,-16.2,0,0,0,0.15,0,1017.1,1010.4,17,0,0,57,16.2,29.3,282,291,27.4
2022-01-30T11:00,-10.2,64,-15.7,0,0,0,0.15,1,1017.5,1010.8,26,0,44,0,15.5,26.5,267,277,26.3
2022-01-30T12:00,-9.1,62,-15,0,0,0,0.15,0,1017.6,1010.9,7,0,11,0,16.2,26,267,274,26.6
2022-01-30T13:00,-7.9,58,-14.7,0,0,0,0.15,0,1016.9,1010.2,2,0,3,0,14.5,23.6,276,278,26.6
2022-01-30T14:00,-6.9,55,-14.4,0,0,0,0.15,0,1016.4,1009.8,0,0,0,0,11.5,19.9,274,276,24.1
2022-01-30T15:00,-6.2,55,-13.7,0,0,0,0.15,0,1016.3,1009.7,0,0,0,0,9.4,18.7,266,271,19.4
2022-01-30T16:00,-6.2,59,-13,0,0,0,0.15,0,1016.4,1009.8,0,0,0,0,7.8,17.4,257,264,15.8
2022-01-30T17:00,-7.2,63,-13.1,0,0,0,0.15,0,1016.9,1010.3,1,0,1,0,8.2,18.4,241,253,13
2022-01-30T18:00,-8.1,68,-13,0,0,0,0.15,0,1017.7,1011,6,0,4,13,9.7,22.8,239,249,15.1
2022-01-30T19:00,-9.1,69,-13.7,0,0,0,0.15,1,1018.8,1012.1,30,0,1,98,9.8,23.6,246,258,15.5
2022-01-30T20:00,-8.3,68,-13.1,0,0,0,0.15,1,1019.4,1012.7,35,0,25,66,10.9,27.2,262,264,15.8
2022-01-30T21:00,-9.1,70,-13.6,0,0,0,0.15,1,1020.5,1013.8,30,0,50,0,9.5,25,279,276,17.3
2022-01-30T22:00,-9.8,71,-14,0,0,0,0.15,2,1021.3,1014.6,53,0,88,0,9.1,24.2,279,281,15.1
2022-01-30T23:00,-10.3,73,-14.2,0,0,0,0.15,1,1022.3,1015.5,38,0,63,0,9.2,23.7,291,298,14.8
2022-01-31T00:00,-11.8,77,-15,0,0,0,0.15,0,1023,1016.2,4,0,7,0,8.4,21.1,317,323,14.4
2022-01-31T01:00,-12.9,77,-16.1,0,0,0,0.15,0,1023,1016.2,0,0,0,0,8.7,19.4,343,345,13
2022-01-31T02:00,-14.1,78,-17.1,0,0,0,0.15,0,1023.1,1016.2,0,0,0,0,9.5,17.7,351,355,13.3
2022-01-31T03:00,-15.6,80,-18.3,0,0,0,0.15,0,1023.6,1016.7,0,0,0,0,11.4,15.1,349,1,14.8
2022-01-31T04:00,-16.3,82,-18.7,0,0,0,0.15,0,1024,1017.1,0,0,0,0,11.2,13.7,356,14,14.8
2022-01-31T05:00,-17,84,-19,0,0,0,0.15,0,1024.2,1017.3,0,0,0,0,11.5,13.8,2,28,14.8
2022-01-31T06:00,-17.1,84,-19.1,0,0,0,0.15,0,1024.7,1017.8,0,0,0,0,10.5,14.8,4,34,14.8
2022-01-31T07:00,-17.5,84,-19.5,0,0,0,0.15,0,1025.4,1018.4,0,0,0,0,10.2,14.5,8,42,14
2022-01-31T08:00,-16.2,82,-18.5,0,0,0,0.15,0,1026.4,1019.5,18,0,2,57,7.6,12.8,8,52,13.7
2022-01-31T09:00,-15.3,81,-17.8,0,0,0,0.15,2,1027.1,1020.2,57,1,44,100,5.8,11.6,360,54,10.1
2022-01-31T10:00,-13.3,77,-16.5,0,0,0,0.15,3,1028.1,1021.2,91,1,100,100,5.8,9.4,356,50,10.4
2022-01-31T11:00,-10.7,71,-15,0,0,0,0.15,3,1028.9,1022.1,89,0,98,100,5.4,8.7,4,48,10.4
2022-01-31T12:00,-8.5,69,-13.1,0,0,0,0.15,2,1029.4,1022.7,79,2,79,99,4.7,9.2,4,48,9
2022-01-31T13:00,-6.5,69,-11.2,0,0,0,0.15,2,1029.3,1022.6,72,0,70,100,4,9.2,10,39,8.3
2022-01-31T14:00,-5.1,65,-10.6,0,0,0,0.15,3,1028.7,1022,84,0,90,100,3.2,7.7,27,37,7.6
2022-01-31T15:00,-4.9,63,-10.8,0,0,0,0.15,2,1028.5,1021.8,67,0,68,88,4.8,5.5,63,58,6.8
2022-01-31T16:00,-4.1,47,-13.8,0,0,0,0.15,0,1028.2,1021.6,10,0,17,0,4.8,5.8,77,68,7.2
2022-01-31T17:00,-3.4,50,-12.4,0,0,0,0.15,0,1028.5,1021.9,11,0,18,0,5.3,6.8,62,58,7.2
2022-01-31T18:00,-3.9,56,-11.5,0,0,0,0.15,0,1029,1022.4,0,0,0,0,5.7,8.4,55,59,7.2
2022-01-31T19:00,-5.1,57,-12.2,0,0,0,0.15,0,1029.8,1023.1,0,0,0,0,10.1,13.2,63,68,11.5
2022-01-31T20:00,-7.6,65,-13.1,0,0,0,0.15,0,1030.2,1023.5,13,0,20,2,10.6,12.8,66,68,17.3
2022-01-31T21:00,-9.8,74,-13.6,0,0,0,0.15,1,1030.8,1024,25,0,42,0,12.6,15.5,70,68,15.1
2022-01-31T22:00,-10.9,78,-14.1,0,0,0,0.15,0,1031.3,1024.5,19,0,32,0,13.4,18.2,54,65,16.6
2022-01-31T23:00,-11.3,79,-14.2,0,0,0,0.15,1,1031.9,1025.1,22,0,37,0,13,18.1,42,67,16.6
